lambda_scale_1.25,lambda_scale_1.35,lambda_stable,relative_scale_difference
5.270972656288447,5.270972638556599,5.270972647422523,3.364056151717396e-09
7.855527119277965,7.855527121493653,7.855527120385808,2.8205466586622744e-10
10.003926760927616,10.003926580826592,10.003926670877103,1.8003033026555833e-08
11.1618054390234,11.161805313382823,11.161805376203112,1.1256295205977437e-08
13.352141995621771,13.352141920418532,13.352141958020152,5.632297740406228e-09
14.32478776999385,14.324787764159167,14.324787767076508,4.0731380742724586e-10
15.223278928012363,15.223278545484078,15.22327873674822,2.512785099797601e-08
16.688012455834652,16.688012603318256,16.688012529576454,8.837697304156724e-09
17.367155266212123,17.367155112763413,17.367155189487768,8.835569636283691e-09
18.172025291907545,18.172025137442635,18.172025214675088,8.500148316691536e-09
20.055245553791327,20.05524536001875,20.055245456905038,9.661939960177199e-09
20.900516039391555,20.900515990195878,20.900516014793716,2.353802019665235e-09
20.930516404039835,20.930516513852748,20.930516458946293,5.246545753818118e-09
22.071699306135326,22.07169983825453,22.07169957219493,2.4108664465666226e-08
22.675762074971434,22.675762082356396,22.675762078663915,3.256764623149089e-10
25.314126142629082,25.314126037332823,25.314126089980952,4.159584977573206e-09
25.482289346861343,25.48228938990661,25.482289368383977,1.6892229745992734e-09
25.658530578019665,25.658530285507826,25.658530431763744,1.140017889416774e-08
25.77888127429503,25.778881247294862,25.778881260794947,1.0473755212355035e-09
27.477744897192853,27.47774536868538,27.477745132939116,1.7159068929153877e-08
27.86550816793949,27.865508979726506,27.865508573832997,2.9132323355080466e-08
28.49226812614864,28.492267555360076,28.49226784075436,2.0033103799614866e-08
29.22370063994218,29.223700570269987,29.22370060510608,2.384098927318714e-09
30.40786892110977,30.407868795314087,30.407868858211927,4.1369450628007655e-09
30.664061500812352,30.66406151405019,30.66406150743127,4.3170528753298326e-10
31.35447701325276,31.35447686848565,31.354476940869205,4.617111305611536e-09
32.021221108085015,32.02122078083902,32.021220944462016,1.0219659986658022e-08
33.58862912598154,33.58862865876689,33.58862889237422,1.390990521412938e-08
33.72176537496246,33.7217657134163,33.72176554418938,1.0036658441390367e-08
33.76290644587005,33.762906415476884,33.76290643067347,9.001940381796432e-10
34.54081199127945,34.54081214917,34.540812070224725,4.5711303278758835e-09
35.84212495416235,35.84212491790084,35.842124936031595,1.011700929381182e-09
36.15666167371914,36.15666144106185,36.15666155739049,6.434700599356928e-09
36.49687006931174,36.496869883934565,36.49686997662315,5.079262265278399e-09
37.37261812959546,37.37261887099442,37.37261850029494,1.983802543017925e-08
37.65764989327338,37.65764893411038,37.65764941369188,2.547060174925953e-08
39.11932775166019,39.119327065720306,39.119327408690246,1.7534551852478916e-08
39.22641856562009,39.22641878519596,39.22641867540803,5.597652825000997e-09
39.59078105208451,39.590780786402355,39.59078091924343,6.710707557427198e-09
40.382343423360325,40.382343643111774,40.38234353323605,5.441770566357775e-09
40.40092767057677,40.40092769852335,40.400927684550055,6.917310616471322e-10
40.482368874925335,40.48236825769715,40.482368566311244,1.5246839515771893e-08
41.819635868989586,41.81963528213678,41.81963557556318,1.4032948737015365e-08
42.58461770312546,42.58461758539113,42.584617644258294,2.7647149858150474e-09
42.99604907534454,42.99604976064579,42.99604941799517,1.5938702648385717e-08
43.30355243869395,43.303552089331276,43.30355226401261,8.067760090116291e-09
44.720192908325,44.72019405053318,44.720193479429085,2.5541217078450497e-08
45.33566801628482,45.33566861341062,45.33566831484772,1.3171214100502502e-08
46.125004278388694,46.12500459690798,46.125004437648336,6.905566441041748e-09
46.91825049921947,46.918251441177226,46.91825097019834,2.007657423459285e-08
47.06937066603638,47.06937242933992,47.06937154768815,3.746180271924772e-08
47.60006779966132,47.60006834969626,47.60006807467879,1.1555339295315677e-08
47.731404120925475,47.73140463278116,47.73140437685332,1.0723666846458388e-08
47.906142826333394,47.90614257637646,47.90614270135492,5.217638461934325e-09
47.97994244055434,47.97994197927636,47.97994220991535,9.613975218166502e-09
48.1945471280774,48.194546497619385,48.194546812848394,1.3081521786281462e-08
48.44291054269894,48.44290994967751,48.44291024618822,1.2241655718146146e-08
49.71232586832389,49.71232541629803,49.71232564231096,9.092832625030944e-09
49.85874562554375,49.85874593017439,49.85874577785907,6.109873811678702e-09
50.171706293191455,50.17170681973458,50.17170655646302,1.049482186119529e-08
50.93313145351604,50.933130915504066,50.93313118451005,1.0563104195112526e-08
52.06466348823127,52.064663290725555,52.06466338947841,3.7934695028279895e-09
52.576070226198034,52.576071341737396,52.576070783967715,2.1217624933720828e-08
53.34645991237508,53.346460201015134,53.34646005669511,5.410669259333491e-09
54.225017858807576,54.22501751692264,54.225017687865105,6.304929866045905e-09
54.32049509678263,54.32049463817107,54.32049486747685,8.442698443342388e-09
54.669710974353684,54.66971030027516,54.669710637314424,1.2330018011573897e-08
55.04606149490501,55.04606086071172,55.04606117780837,1.1521138378238243e-08
55.37760162474778,55.37760343989713,55.377602532322456,3.277767966890707e-08
55.732347230685924,55.732348351578366,55.73234779113214,2.0112061937598767e-08
55.810982906819255,55.81098335431217,55.81098313056572,8.01800808222405e-09
56.09231332890016,56.09231403840129,56.09231368365073,1.2648811909626989e-08
57.05824968622946,57.05825004991189,57.058249868070675,6.373879875519011e-09
57.55701873312246,57.557018840223336,57.5570187866729,1.8607786870369977e-09
57.84761292105284,57.8476127896342,57.84761285534352,2.2718075685280705e-09
58.02920701905129,58.02920750710128,58.02920726307629,8.410419726512725e-09
58.728543013549356,58.72854380820261,58.728543410875986,1.3530954488113751e-08
59.43183767098187,59.43183866825491,59.43183816961839,1.6780114217961964e-08
60.4239946525599,60.42399354337206,60.42399409796598,1.8356744556385206e-08
61.25808875365862,61.25808865200754,61.25808870283308,1.6593903643818312e-09
61.273661034599904,61.27366201339895,61.27366152399942,1.5974221409842343e-08
61.47870004458694,61.478699453068806,61.47869974882787,9.621513305392012e-09
61.981391817409175,61.98139045089392,61.98139113415155,2.2047185718778092e-08
62.25317371301188,62.253173430321034,62.25317357166646,4.540986935233803e-09
62.26131248117894,62.26131307451836,62.26131277784865,9.529825066957076e-09
62.53371628428461,62.533716726922115,62.533716505603365,7.078381555745486e-09
63.7058168139794,63.705816595222274,63.705816704600835,3.4338642950428246e-09
64.3181308948652,64.31813068273365,64.31813078879944,3.2981610357887116e-09
64.4601141578535,64.46011749960593,64.46011582872971,5.1842170969159167e-08
64.61502120619411,64.61502140285174,64.61502130452293,3.043527948291902e-09
64.91905668477565,64.9190564406231,64.91905656269938,3.760876574172717e-09
64.94560650707638,64.94560752592953,64.94560701650295,1.568779157737568e-08
65.37758748721026,65.37758781251839,65.37758764986432,4.97583549130686e-09
66.04392003401186,66.04392036647893,66.0439202002454,5.034029860207456e-09
66.13243132665426,66.13243046400012,66.13243089532719,1.3044343232368157e-08
66.5696690058585,66.56966939789126,66.56966920187489,5.8890597411477164e-09
67.45344837658176,67.4534474342236,67.45344790540268,1.3970496373915261e-08
67.91711113935601,67.91711232668068,67.91711173301834,1.7481966324934153e-08
69.38237325006033,69.38237126014184,69.38237225510107,2.868046154307834e-08
69.92175516445938,69.92175547202078,69.92175531824009,4.398650908664124e-09
69.93403203634409,69.93403295740087,69.93403249687248,1.3170365587638211e-08
69.96853343571438,69.96853423162217,69.96853383366827,1.1375224642364455e-08
70.67468231893606,70.67468328344081,70.67468280118844,1.3647103956264966e-08
70.78992969793916,70.78992955935223,70.7899296286457,1.9577209274636553e-09
70.88496031854874,70.88496069584573,70.88496050719723,5.322666405864691e-09
71.52275292605763,71.5227525137447,71.52275271990118,5.764779903178694e-09
71.64994048671771,71.64994205522365,71.64994127097069,2.1891238034496466e-08
72.04251886066446,72.04251966365248,72.04251926215846,1.1146029178918224e-08
72.37905042596819,72.37905040731582,72.379050416642,2.577040176893229e-10
73.45521050633481,73.45521000619212,73.45521025626346,6.808811607539865e-09
73.53937631656535,73.53937702587389,73.53937667121963,9.64528890405719e-09
73.97641890776757,73.97641837416137,73.97641864096447,7.213193140852682e-09
74.12996488324445,74.12996550397656,74.1299651936105,8.373565332841426e-09
74.1404197500654,74.1404214790243,74.14042061454485,2.332005750720923e-08
74.45183606066443,74.45183712353456,74.4518365920995,1.4275942235923043e-08
74.8214059559716,74.82140612584796,74.82140604090978,2.270424563096695e-09
75.44837116592522,75.44837242006089,75.44837179299306,1.662243502381398e-08
75.79045495107864,75.79045511312314,75.7904550321009,2.1380594725650088e-09
76.03371731121311,76.03371796860625,76.03371763990968,8.646073898909525e-09
76.14385243496089,76.14385400085747,76.14385321790918,2.0564976684275856e-08
77.91577774551855,77.9157786052054,77.91577817536198,1.1033539869554834e-08
77.95507447878796,77.95507773619893,77.95507610749345,4.178574457667139e-08
78.30192072822909,78.30192100078767,78.30192086450839,3.4808670932507535e-09
78.54509161509186,78.54509053186844,78.54509107348015,1.379110268476253e-08
79.3025510003146,79.30255135513877,79.30255117772668,4.4743097749134355e-09
79.34323098652656,79.34323185604995,79.34323142128827,1.0959011497748588e-08
79.48402461205178,79.48402379884459,79.48402420544818,1.0231077225860638e-08
79.57109716678951,79.57109611547868,79.57109664113409,1.3212219883858254e-08
79.67762486914151,79.67762454015616,79.67762470464884,4.128955293304535e-09
80.23499335861877,80.23499168141755,80.23499252001815,2.0903612519730058e-08
80.37814511745947,80.37814371175016,80.3781444146048,1.748870057219265e-08
81.17788001928093,81.1778766766796,81.17787834798027,4.117625800193366e-08
81.76612598299823,81.76612531913065,81.76612565106444,8.119102787014642e-09
82.34755815669081,82.34755634341376,82.34755725005229,2.2019803533394777e-08
82.54326001124033,82.54326242651464,82.54326121887749,2.926070812372018e-08
82.67792286880854,82.67792376393533,82.67792331637193,1.0826672320016268e-08
83.1571380340936,83.15713760746847,83.15713782078103,5.130348943036867e-09
84.33441054550786,84.33440928577473,84.33440991564129,1.4937356305542927e-08
84.40742578079536,84.4074283914193,84.40742708610733,3.0928841065564755e-08
84.59772731631105,84.59772622602263,84.59772677116683,1.288791621135587e-08
84.79177036996053,84.79177050818403,84.79177043907228,1.6301522847846255e-09
85.04710871805024,85.0471083861496,85.04710855209993,3.902550501184564e-09
85.51013452374593,85.51013348106727,85.5101340024066,1.2193626725543225e-08
85.68572832833496,85.6857281722059,85.68572825027043,1.8221127920031594e-09
86.05000184422624,86.05000302246715,86.05000243334669,1.3692514423260411e-08
86.4565860202441,86.45658739177776,86.45658670601094,1.5863842164039122e-08
87.21368721818624,87.21368660203488,87.21368691011057,7.064846970599568e-09
87.27606956713585,87.27606985637549,87.27606971175567,3.314077239752164e-09
87.83085476650476,87.83085609558981,87.83085543104728,1.513232491263439e-08
87.87690913937917,87.87690960694451,87.87690937316184,5.320684864533069e-09
88.23264483623097,88.23264463589308,88.23264473606203,2.2705643041941103e-09
88.3273769635898,88.32738546922448,88.32738121640713,9.629668801725943e-08
88.97487731482809,88.97487749246999,88.97487740364903,1.9965399120506747e-09
89.33950551455742,89.33950755303529,89.33950653379635,2.2817205169856547e-08
89.4244218134084,89.42442193202751,89.42442187271796,1.326473352487787e-09
90.32510718279988,90.32510798959126,90.32510758619557,8.932083169059091e-09
91.28495712318883,91.28495626543591,91.28495669431237,9.396432336095896e-09
91.7596786175668,91.75967527714462,91.75967694735571,3.640403097247745e-08
91.81517375659013,91.81517278677325,91.81517327168169,1.0562708116151545e-08
91.88005854274279,91.8800586452044,91.88005859397359,1.1151670344863487e-09
92.11986621450814,92.11986458859268,92.11986540155041,1.7649998051147345e-08
92.40850203613982,92.40850092991644,92.40850148302813,1.1971013004116576e-08
92.59567605907802,92.59567571188174,92.59567588547988,3.749594925364478e-09
93.75901291959657,93.75901270576726,93.75901281268192,2.280626716895401e-09
94.20803670285925,94.2080354851601,94.20803609400967,1.2925639818211847e-08
94.8638033732121,94.86380375776261,94.86380356548736,4.0537117680139185e-09
95.04655399139202,95.046552956251,95.04655347382152,1.0890884178962758e-08
95.20001761766557,95.20001492568943,95.2000162716775,2.8277055012212584e-08
95.25999472320764,95.2599964445242,95.25999558386593,1.806966858163185e-08
95.37178359236604,95.37178174591465,95.37178266914034,1.9360562711146796e-08
95.5802502336525,95.58025218231658,95.58025120798455,2.03877268955376e-08
95.6138899811519,95.61388915250231,95.61388956682711,8.66662354180956e-09
95.96439745453827,95.96439754665055,95.9643975005944,9.598588197209938e-10
96.24708288494743,96.2470814744465,96.24708217969697,1.4654999260460333e-08
96.31799069901477,96.31799120496537,96.31799095199007,5.252918887406816e-09
96.9038661523589,96.9038659960859,96.9038660742224,1.6126601510498433e-09
97.01752457984364,97.0175222804477,97.01752343014567,2.370083090367867e-08
97.1729179014404,97.17291788323526,97.17291789233784,1.8734790182006174e-10
97.5231156445652,97.52311685213783,97.52311624835151,1.23824245616701e-08
97.61728957136718,97.61727684506151,97.61728320821435,1.3036938154717063e-07
97.80704517294261,97.80704326666566,97.80704421980414,1.9490180346979912e-08
98.93966177291072,98.93966233498406,98.93966205394739,5.6809708636385626e-09
99.15863722391681,99.15863632259148,99.15863677325414,9.089730974309035e-09
100.08263159786983,100.08263191626494,100.08263175706739,3.1813223063037638e-09
100.291942427288,100.29194235632332,100.29194239180566,7.075811538831748e-10
100.49712113997816,100.49712173420389,100.49712143709102,5.9128631185846415e-09
100.63786523357554,100.6378655305167,100.63786538204613,2.95059086558559e-09
101.17956112180022,101.17955818062592,101.17955965121307,2.906885806610787e-08
101.6388851182042,101.63888403373427,101.63888457596923,1.0669832984766973e-08
101.7265229387576,101.72652484500014,101.72652389187887,1.8738893794427e-08
101.95396713710781,101.9539677852124,101.9539674611601,6.356835371315954e-09
102.36610644598287,102.36610521400695,102.36610582999491,1.2034998280524697e-08
102.73360518130887,102.73360584990358,102.73360551560623,6.5080428449378034e-09
103.08379525582015,103.08379548711665,103.0837953714684,2.243771637717226e-09
103.2142984654283,103.21429745765647,103.21429796154239,9.7638781025229e-09
104.29830135280447,104.2983014812662,104.29830141703533,1.2316760621795782e-09
104.4009438295139,104.4009417740281,104.40094280177101,1.9688383388414396e-08
104.45268048379594,104.45267626700564,104.4526783754008,4.037034073509943e-08
105.30358607249107,105.30358754770452,105.3035868100978,1.4009147135390981e-08
105.40036745586629,105.40036738924525,105.40036742255577,6.320759854665284e-10
106.34687573698261,106.34687638109862,106.34687605904062,6.0567459598066374e-09
106.70105890562007,106.70105749071378,106.70105819816692,1.3260470964150448e-08
106.76466120184038,106.76465898796327,106.76466009490183,2.073604772551611e-08
106.7780352653774,106.77803797404529,106.77803661971134,2.5367275368989353e-08
107.19660400603975,107.19660520159174,107.19660460381574,1.115289039076768e-08
107.45688463191986,107.45688236405469,107.45688349798728,2.1104884792564023e-08
107.56390557070479,107.56391139548789,107.56390848309634,5.415183425837316e-08
107.84531883053515,107.84532258159096,107.84532070606306,3.4781812735244536e-08
107.86700285839743,107.8670035519608,107.86700320517912,6.429801110017891e-09
108.4895815279152,108.48958337723055,108.48958245257288,1.704601752092742e-08
109.1903643206662,109.19036417016679,109.1903642454165,1.3783214142495535e-09
109.51389422826732,109.51389662779378,109.51389542803055,2.1910703019539195e-08
109.89537890796872,109.89537745592003,109.89537818194438,1.3213009566639244e-08
110.04511390007822,110.04511221534396,110.04511305771109,1.5309487156406313e-08
110.07178399796653,110.07177667720981,110.07178033758817,6.650893132377677e-08
110.34015515046633,110.34015374464252,110.34015444755443,1.274081776889722e-08
111.90523013442008,111.90523166622597,111.90523090032303,1.3688420728754133e-08
111.97122166693013,111.97122058420456,111.97122112556735,9.669677251492823e-09
111.99310457482838,111.99310306031906,111.99310381757371,1.3523237231964826e-08
112.19214282503607,112.19214136526165,112.19214209514885,1.3011378401809088e-08
112.77462960652782,112.7746284883652,112.77462904744651,9.915019300491823e-09
112.82192053899375,112.82192295281524,112.82192174590449,2.1394968530551468e-08
113.03656332903104,113.03656984965477,113.0365665893429,5.768596602632099e-08
113.58538112445167,113.58537975616396,113.58538044030782,1.2046336411614159e-08
114.1374821047696,114.13748290231685,114.13748250354323,6.987601478204267e-09
114.34029270386587,114.3423105996356,114.34130165175074,1.7647848457348496e-05
114.36338876213594,114.3633916122823,114.36339018720912,2.4921841847663155e-08
114.5370371593955,114.53703445974678,114.53703580957114,2.357009387409467e-08
115.07759218023912,115.07758992537266,115.0775910528059,1.9594313855231615e-08
115.24545195168722,115.24544933852776,115.2454506451075,2.2674729528379708e-08
115.8273226629611,115.82732131326561,115.82732198811335,1.1652651979531596e-08
116.3113769022746,116.31137592414868,116.31137641321163,8.409546436423322e-09
116.8171735481826,116.81717276395625,116.81717315606943,6.713279567448341e-09
117.17021429994415,117.17021421459128,117.17021425726772,7.284519074935614e-10
117.27097075732203,117.27097141688121,117.27097108710163,5.624232229707757e-09
117.82324051821456,117.8232389567913,117.82323973750293,1.3252251882074097e-08
118.04708401003082,118.04708430108255,118.04708415555669,2.4655563121127746e-09
118.16414215680902,118.16414321882964,118.16414268781932,8.987672457313391e-09
118.18246210018636,118.18246523372805,118.1824636669572,2.6514438416441706e-08
118.73387596674873,118.73387545848486,118.7338757126168,4.2806980098269074e-09
118.76912642668417,118.76912476942911,118.76912559805663,1.395358461265107e-08
118.7905727061768,118.79057187172269,118.79057228894975,7.0245819504804695e-09
119.24126495619713,119.24125804277867,119.2412614994879,5.7978405902271114e-08
119.32624487386165,119.32624447040997,119.32624467213581,3.381080830983145e-09
119.55415166669644,119.55414887727974,119.55415027198809,2.3331826279027705e-08
119.89565209742577,119.89565427710785,119.89565318726682,1.8179825597050342e-08
120.00883812787075,120.00884057251434,120.00883935019255,2.0370529262696624e-08
120.1021975094178,120.10219784192674,120.10219767567227,2.768549937992334e-09
120.12320058736802,120.12322575030937,120.1232131688387,2.0947607091209202e-07
120.14728788080616,120.1472875006553,120.14728769073074,3.1640403388083322e-09
120.51371163442832,120.51371258314391,120.51371210878611,7.872262621718266e-09
120.82985629249771,120.82985787666681,120.82985708458226,1.3110742046393045e-08
121.64265089673927,121.64265166801519,121.64265128237723,6.3405056596167885e-09
122.18855639023768,122.18855728837079,122.18855683930423,7.350386395819641e-09
122.93477153250788,122.93477130259349,122.93477141755068,1.87021449390665e-09
123.42871302760997,123.42871718335084,123.4287151054804,3.3669157086834736e-08
123.63110558813463,123.63109897381966,123.63110228097715,5.350041106601264e-08
123.7391194223254,123.73912033542089,123.73911987887314,7.379198173529059e-09
124.2589592612251,124.25895814098703,124.25895870110607,9.015350476960301e-09
124.27682067901479,124.27681965549701,124.27682016725589,8.235789883710715e-09
124.94521978104859,124.9452222528655,124.94522101695705,1.9783204738534063e-08
125.03510437780135,125.03510258884462,125.03510348332298,1.4307635700433245e-08
125.26909295595125,125.26909120207145,125.26909207901136,1.4000898059668853e-08
125.80166364151549,125.80166741124874,125.80166552638212,2.996568592465959e-08
126.42516390347932,126.42516074691936,126.42516232519934,2.4967813828989612e-08
126.56460202226509,126.56460312224047,126.56460257225278,8.691019062222825e-09
126.71551881294637,126.71551918818659,126.71551900056647,2.9612806840498242e-09
126.90478385844409,126.90478227433948,126.90478306639179,1.2482623279447077e-08
126.99659363424608,126.99659365667455,126.99659364546031,1.766068329046091e-10
128.20470465151104,128.2047055407207,128.20470509611587,6.935858315455238e-09
129.30585180697872,129.30584982886583,129.30585081792228,1.5297937901668285e-08
129.48669669854368,129.48668803520604,129.48669236687488,6.690523319589013e-08
129.81505975198274,129.81506012925314,129.81505994061794,2.9062143936239212e-09
130.01466145529474,130.0146611266507,130.01466129097273,2.5277459555269368e-09
130.2171284919452,130.21713450501818,130.2171314984817,4.617727919821401e-08
130.67515097923348,130.6751511722286,130.67515107573104,1.4769075455085016e-09
130.7560298034304,130.7560304510747,130.75603012725256,4.9530740329498655e-09
130.8079034693804,130.8078710334232,130.80788725140178,2.479663409819374e-07
130.93060963393285,130.93060889807288,130.93060926600288,5.6202287024288034e-09
131.46683599003936,131.46683604161075,131.46683601582504,3.922768073395419e-10
131.68472033410958,131.68471981952416,131.68472007681686,3.907707909131781e-09
131.82168552448306,131.82168586236347,131.82168569342326,2.5631625470900515e-09
131.9812070166641,131.98120614008047,131.98120657837228,6.641730535901653e-09
132.04497153994646,132.0449683629913,132.0449699514689,2.4059645058078218e-08
133.0316832249429,133.0316844010475,133.0316838129952,8.840785631058214e-09
133.1447423864891,133.1447424747528,133.14474243062097,6.629154276819056e-10
133.50801257005205,133.50801134054322,133.50801195529763,9.209251203350792e-09
133.60321355660665,133.60321528520674,133.60321442090668,1.293831209937301e-08
133.82260419783654,133.82260370734164,133.82260395258908,3.665261941143958e-09
133.95818547367514,133.95818539793484,133.95818543580498,5.654025743222091e-10
134.49413941401474,134.49413821153277,134.49413881277377,8.940775958418703e-09
134.562434069596,134.5624384373732,134.5624362534846,3.245911150889483e-08
134.87975936894514,134.87976261051912,134.87976098973212,2.4033064081602682e-08
135.01472134961222,135.01472236215176,135.014721855882,7.499475051862501e-09
135.30675318701816,135.30675306665555,135.30675312683684,8.895536347058372e-10
135.3558995457588,135.3559024609954,135.35590100337708,2.1537565333814352e-08
136.15666218570462,136.15666172284904,136.15666195427684,3.399433960760638e-09
136.38064594716477,136.3806483410375,136.38064714410115,1.7552876914273723e-08
136.50083503852701,136.50083243420048,136.50083373636375,1.907919858935432e-08
136.98290589232295,136.98290530291473,136.98290559761884,4.302786633240454e-09
137.14886437089393,137.14886317832483,137.14886377460937,8.695435479686035e-09
137.34115725900818,137.3411578707141,137.34115756486113,4.45391562194994e-09
137.7836332399966,137.78363496390273,137.78363410194964,1.2511690073295689e-08
138.52516025119223,138.5251589389234,138.5251595950578,9.473144325828254e-09
138.64161823720562,138.6416184079,138.6416183225528,1.2311915708613669e-09
138.7606576127816,138.76066223697555,138.76065992487858,3.3324962996612795e-08
139.29528661593886,139.2952879710608,139.29528729349983,9.72841180592297e-09
139.87734778397024,139.87734724911152,139.87734751654088,3.8237693396166625e-09
140.52027788268774,140.52027830615177,140.52027809441975,3.013543918132353e-09
141.24453373829326,141.24453445148268,141.24453409488797,5.0493240319373766e-09
141.48887316098066,141.48890338619168,141.48888827358616,2.136224841445865e-07
141.51556381431746,141.51555827050998,141.5155610424137,3.917454254416577e-08
141.7034896631043,141.70349070289876,141.70349018300152,7.337818213401191e-09
141.96024327917337,141.96024440969614,141.96024384443476,7.963657575678666e-09
142.15148386550194,142.14034590654262,142.1459148860223,7.835274494821605e-05
142.9236605970604,142.92366000591005,142.92366030148523,4.136126594348695e-09
143.80840632795125,143.8084065455445,143.80840643674787,1.5130774261694356e-09
143.94659000004782,143.94659160353817,143.94659080179298,1.1139481170493678e-08
144.23321927350017,144.23322065803632,144.23321996576823,9.599287470915863e-09
144.42664128926208,144.42664040564358,144.42664084745283,6.118112902125806e-09
144.45228250999173,144.45228372112564,144.45228311555869,8.384318162750859e-09
144.51331114203492,144.51330778550147,144.5133094637682,2.3226465632883988e-08
144.5924857653206,144.58231383532467,144.58739980032263,7.034895307374017e-05
144.71507264129954,144.71507148101722,144.71507206115837,8.017701973791132e-09
144.75625483956844,144.75625544948582,144.75625514452713,4.213409478785237e-09
144.94014599047858,144.94014793079253,144.94014696063556,1.3387001311229284e-08
144.96111784920805,144.96111931042748,144.96111857981776,1.008007825337791e-08
145.04105285181825,145.0410590045234,145.0410559281708,4.2420437235273336e-08
145.40458858677727,145.40456262782646,145.40457560730187,1.7852910319260126e-07
145.86076906023698,145.8607727887213,145.86077092447914,2.5561940053398702e-08
146.25902132790694,146.25901889000187,146.25902010895442,1.666840817762924e-08
146.36179628619826,146.36179905772303,146.36179767196063,1.8936121273673682e-08
146.79358058696207,146.79357232594307,146.79357645645257,5.6276432236475604e-08
146.84211952441677,146.84211977315078,146.84211964878378,1.6938873638565638e-09
146.9007876414179,146.90078843460466,146.90078803801129,5.399472430451398e-09
146.99718823644602,146.99718537338703,146.9971868049165,1.9476964352623976e-08
147.97899379721193,147.9789905768045,147.9789921870082,2.176259845391053e-08
148.0069140025252,148.00691683297902,148.0069154177521,1.9123794142031196e-08
148.39066433795023,148.39065979290257,148.3906620654264,3.062893261782481e-08
148.49589072962215,148.4959021316486,148.49589643063536,7.678344170518634e-08
148.79889372910006,148.79889452664963,148.79889412787486,5.359915995102215e-09
149.19108854647936,149.19109167705253,149.19109011176596,2.0983646726417104e-08
149.42547621656954,149.42547694226562,149.4254765794176,4.856575315212915e-09
151.04567180895756,151.0456681355212,151.04566997223938,2.4320037267808585e-08
151.13242589665046,151.13242697158327,151.13242643411687,7.112522658086329e-09
151.6921746415287,151.69217312886266,151.6921738851957,9.971945153598406e-09
151.7645537915332,151.76455315954726,151.76455347554023,4.164252527440868e-09
152.23831683717341,152.23831396196044,152.23831539956694,1.8886263527835277e-08
152.51689733812537,152.51689676816852,152.51689705314695,3.7370079198865906e-09
152.56604789165584,152.5660513518731,152.56604962176448,2.2680126025165348e-08
152.72509624300469,152.72509746750086,152.7250968552528,8.017648664792498e-09
153.36671046894088,153.36671066734314,153.36671056814203,1.2936461952364284e-09
153.46114025070207,153.4611495129062,153.46114488180413,6.035536776549367e-08
153.58730640587325,153.5873075023991,153.58730695413618,7.13943021541068e-09
153.6152607995754,153.61526358947404,153.61526219452472,1.816159787354537e-08
153.84582454948122,153.8458247415388,153.84582464551,1.2483768745132005e-09
153.8741069834745,153.87411558007958,153.87411128177703,5.586777901058053e-08
154.13426630603888,154.1342913983713,154.13427885220509,1.6279526236368963e-07
154.20897130938005,154.1999941661353,154.20448273775767,5.821414388880717e-05
154.81492314438628,154.81492129385168,154.81492221911898,1.1953205572264918e-08
154.98666275935784,154.98666003573246,154.98666139754516,1.7573288805494326e-08
155.19597358754538,155.19597254229728,155.19597306492133,6.735020720516767e-09
155.6049531213375,155.60495433600434,155.60495372867092,7.806093600336334e-09
155.8562132544091,155.85621150268364,155.8562123785464,1.1239368909225305e-08
155.99252057508497,155.99251705503158,155.99251881505828,2.2565526667703214e-08
156.2846204253828,156.28461693794353,156.28461868166318,2.2314667066942938e-08
156.32498947139155,156.3249871528391,156.32498831211532,1.4831617483313533e-08
156.54951253441982,156.54951135691942,156.54951194566962,7.521584545461216e-09
156.64532632706488,156.64533149100902,156.64532890903695,3.296583491460225e-08
156.86086624509613,156.8609348036456,156.86090052437086,4.3706579680782377e-07
156.89568747607862,156.89568912905762,156.89568830256812,1.053552843769366e-08
157.8189400788896,157.81894520023928,157.81894263956445,3.2450791512670205e-08
157.837193407262,157.83719356142007,157.83719348434101,9.766904079778799e-10
158.32781404323748,158.3278121266622,158.32781308494984,1.2105107985058995e-08
158.4016201839025,158.40161904522952,158.40161961456602,7.1885185512165075e-09
158.53480412391013,158.5348043987841,158.53480426134712,1.7338398969360488e-09
158.67247897128112,158.67247949892692,158.67247923510402,3.325376884301753e-09
159.3821478855118,159.3821595543369,159.38215371992436,7.321286854275548e-08
159.89227352117203,159.89228188139683,159.89227770128443,5.228660632343541e-08
159.95260983236912,159.95261574153352,159.9526127869513,3.694321829667628e-08
160.4787359988707,160.4787267588729,160.4787313788718,5.7577707867206536e-08
160.50425990051357,160.5042645614487,160.50426223098114,2.9039322697723723e-08
160.76351002035835,160.76350666141042,160.76350834088439,2.0893721064991146e-08
161.07611535031913,161.0761140787041,161.07611471451162,7.894497683527354e-09
161.220316667673,161.23092889787762,161.2256227827753,6.582006490423721e-05
161.25848938516975,161.25849040800756,161.25848989658866,6.342846226284047e-09
161.30124039166398,161.30124209996882,161.3012412458164,1.0590772978659118e-08
162.39644513670635,162.39644316981753,162.39644415326194,1.2111649460646525e-08
163.07131203958758,163.0713109482332,163.0713114939104,6.692497767368491e-09
163.6220229474595,163.6220284832895,163.6220257153745,3.383303620162982e-08
164.03572930756295,164.03572259774205,164.0357259526525,4.090463048983922e-08
164.12432145471908,164.12431593367168,164.12431869419538,3.363942254188481e-08
165.25410705677604,165.25411434662547,165.25411070170077,4.4112967861844535e-08
165.36813865153653,165.36813874487282,165.3681386982047,5.644152351351453e-10
165.53380920321268,165.5338064671935,165.5338078352031,1.6528461447407715e-08
165.60663943229014,165.60664152306515,165.60664047767764,1.2624946641310265e-08
165.67804160343152,165.67804477740646,165.67804319041898,1.9157486654515633e-08
165.90757558228177,165.907572145531,165.90757386390638,2.0714851396522426e-08
166.06474525534236,166.0647352790161,166.06474026717922,6.007491980703819e-08
166.54414311422525,166.54414085349748,166.54414198386138,1.3574345673586787e-08
166.7090118142,166.70901280970816,166.7090123119541,5.971531643511483e-09
166.802371838106,166.8023222969574,166.8023470675317,2.9700506085517485e-07
166.84803416482575,166.84803642318786,166.84803529400682,1.3535443175687346e-08
166.94151511919299,166.94151873541074,166.94151692730185,2.1661584134857765e-08
167.20566012656613,167.20565781015358,167.20565896835984,1.3853673052961032e-08
167.3520650668525,167.35206224128586,167.35206365406918,1.6883966374731677e-08
167.40780915480963,167.4078095164985,167.40780933565406,2.1605257080133536e-09
167.62938049616605,167.62937235842926,167.62937642729764,4.854600524554601e-08
167.9041475550309,167.90415426183773,167.9041509084343,3.994425783269521e-08
168.13825627507885,168.13826394050736,168.1382601077931,4.559003009032226e-08
168.41741031280975,168.41741763078704,168.4174139717984,4.34514279789618e-08
168.6395257072294,168.6395214735718,168.6395235904006,2.5104776607259185e-08
168.94542066581337,168.94536387447192,168.94539227014263,3.3615200238139264e-07
169.43895569011121,169.43894715484203,169.43895142247663,5.037371219358042e-08
169.54385128997933,169.54385535342124,169.54385332170028,2.396690754754612e-08
169.99856802164987,169.9985712842925,169.99856965297118,1.9192176717722572e-08
170.46582849459656,170.46583000867207,170.46582925163432,8.881988294491238e-09
170.53919761549335,170.53919741016492,170.53919751282913,1.2039955402505315e-09
170.88801437101156,170.8880144262406,170.88801439862607,3.2318847830776233e-10
170.9217066388922,170.92170978914754,170.92170821401987,1.8430984233981145e-08
172.07506756680453,172.0750708616099,172.07506921420722,1.9147488074284812e-08
172.1796034067277,172.17960479892716,172.17960410282743,8.085739694143009e-09
172.6537489793499,172.6537603281579,172.65375465375388,6.573160043556258e-08
172.81001787605788,172.81001482086714,172.8100163484625,1.767947705391599e-08
172.92941367093172,172.9294128267503,172.929413248841,4.881653135980042e-09
173.01113850863783,173.01114155323742,173.0111400309376,1.759770825928252e-08
173.1087699623756,173.10878629168113,173.10877812702836,9.432973269451042e-08
173.21089745788478,173.21089763513777,173.21089754651126,1.0233362221580388e-09
173.24822083911832,173.24822118388272,173.2482210115005,1.9900025498685026e-09
173.4229408920896,173.4229490712788,173.4229449816842,4.716324591515102e-08
173.65615504757974,173.6561494803413,173.6561522639605,3.20589756505981e-08
173.734772826793,173.7347833808391,173.73477810381604,6.074803153351151e-08
173.91435090607942,173.91436072146686,173.91435581377314,5.643805032862198e-08
174.3697631040913,174.3697621244035,174.3697626142474,5.6184500117050984e-09
174.44738645185956,174.4473978632933,174.44739215757642,6.541475474074712e-08
174.4790983592777,174.47909832276548,174.4790983410216,2.0926422465617539e-10
175.25909720676498,175.25909456878517,175.25909588777506,1.5051885159856195e-08
175.3273266479562,175.32740096076714,175.32736380436165,4.238516656866179e-07
176.10446946482804,176.10447314206556,176.10447130344681,2.088100006641792e-08
176.162285397499,176.16228709689432,176.16228624719668,9.646760044256128e-09
176.25971271643223,176.2597137877948,176.2597132521135,6.078317831738312e-09
176.2870456446768,176.2870520849592,176.28704886481802,3.653292935126234e-08
177.45018277434883,177.45018334681123,177.45018306058003,3.2260456804759815e-09
177.51332740392024,177.51332839670025,177.51332790031023,5.592706819108814e-09
177.603929019321,177.60393090122264,177.6039299602718,1.0596058564855585e-08
177.76624648851876,177.7662469702003,177.76624672935952,2.709634486411559e-09
177.88232296093747,177.88232896646957,177.88232596370352,3.376126304931536e-08
178.114600744993,178.11460080734903,178.11460077617102,3.500894171273212e-10
178.5525239773619,178.5525232369013,178.5525236071316,4.147018344532115e-09
178.65000766559356,178.65000369944485,178.6500056825192,2.2200663535441124e-08
178.86507548211804,178.8483908787334,178.85673318042572,9.328038656889656e-05
178.94578833284805,178.94579392565817,178.9457911292531,3.125421385564499e-08
179.022549446676,179.0225443928349,179.02254691975546,2.823019291705706e-08
179.3363505819327,179.33634934888144,179.33634996540707,6.87563478590121e-09
179.70775551797269,179.70776332741312,179.7077594226929,4.345633315108913e-08
179.80107197171128,179.80107216133814,179.8010720665247,1.0546481047786878e-09
180.15600585017094,180.1560585791735,180.15603221467222,2.9268514740745327e-07
180.36149241838166,180.36149285490663,180.36149263664413,2.4202780977660954e-09
180.5818958475707,180.58188158514287,180.5818887163568,7.898038600546445e-08
180.7344616472458,180.73446237348128,180.73446201036353,4.018245665193363e-09
180.8983374316192,180.89833338572203,180.89833540867062,2.2365585238216836e-08
181.163652728159,181.1636488781392,181.1636508031491,2.125161276309589e-08
181.25100715330643,181.25100382487855,181.2510054890925,1.836363798609445e-08
181.65652819350132,181.67089113997892,181.66370966674012,7.906025223676195e-05
181.7848869632744,181.7848908333932,181.7848888983338,2.128955154338656e-08
182.80927944956963,182.80926804876907,182.80927374916934,6.236445214346139e-08
182.90471343304142,182.90471379496992,182.9047136140057,1.9787816951536586e-09
182.97861701349336,182.97861361026509,182.97861531187922,1.8599049072028213e-08
183.38939269975353,183.3893929812752,183.38939284051435,1.5351033125210975e-09
183.47736716025156,183.4773745509647,183.47737085560811,4.028133253317514e-08
183.72070913514312,183.7207122196591,183.72071067740112,1.6789157542628522e-08
184.15168856795933,184.15168629963114,184.15168743379525,1.231771593316528e-08
184.26901611242704,184.2690087713028,184.2690124418649,3.9839167757355366e-08
184.29642152109028,184.29641403748622,184.29641777928825,4.060634494995721e-08
184.8836625550513,184.8836661906281,184.8836643728397,1.9664131927230853e-08
185.56325559280182,185.56324797105094,185.5632517819264,4.1073599714730215e-08
185.67457982910295,185.67451973219175,185.67454978064734,3.2366795311390727e-07
185.9315440906566,185.931544959795,185.93154452522577,4.674507513514355e-09
186.13566624394255,186.13566987802298,186.13566806098277,1.9523825986519822e-08
186.39656579286265,186.39654137554157,186.3965535842021,1.3099662522139952e-07
186.61520392881306,186.6152023255768,186.61520312719495,8.591134178186389e-09
187.17507592563678,187.17508087534665,187.1750784004917,2.6444278012851397e-08
187.25505370693446,187.25506522087252,187.25505946390348,6.14879925889005e-08
187.46926607455964,187.469270562833,187.46926831869632,2.3941381690891868e-08
187.8146076292408,187.81460566340752,187.81460664632417,1.0466881764525839e-08
187.90289879880388,187.90289793601968,187.90289836741178,4.591649177706778e-09
187.95021699759346,187.95021969566676,187.9502183466301,1.4355254848452293e-08
188.14004986089603,188.14005520095066,188.14005253092336,2.838340098347982e-08
188.26048934401499,188.2604899721331,188.26048965807405,3.3364308231857262e-09
188.51440558852502,188.51440780638944,188.51440669745722,1.1764959749895836e-08
188.60865533333765,188.6086570340458,188.60865618369172,9.017126606995572e-09
188.90863381568838,188.9086528276871,188.90864332168775,1.0064122755679126e-07
189.06562739811855,189.06563649375124,189.0656319459349,4.81083334875077e-08
189.22302472041437,189.22302086499008,189.22302279270224,2.0375027309485246e-08
190.0234157957894,190.02341151859662,190.023413657193,2.2508766903772814e-08
190.04597103139756,190.04597385262147,190.04597244200951,1.4844954926560796e-08
190.10992562827133,190.10992991866127,190.1099277734663,2.2567942349294585e-08
190.32869012859462,190.32867960756136,190.32868486807797,5.5278230799011805e-08
190.4836072526692,190.48360995877158,190.4836086057204,1.420648411278154e-08
191.31671228070223,191.31672004112508,191.31671616091364,4.056322335492006e-08
191.34166734484484,191.34167438048047,191.34167086266265,3.6770011843896786e-08
191.41243930948417,191.41243594000602,191.4124376247451,1.7603234998058873e-08
191.7865838373513,191.78659626570064,191.78659005152596,6.48030133103726e-08
191.94142042633834,191.94141414756567,191.941417286952,3.2711921477886744e-08
192.29442010099143,192.29442554390127,192.29442282244634,2.8305083847325737e-08
192.3265453430613,192.3265512282346,192.32654828564796,3.0599900309599883e-08
192.44830950650788,192.4483075609284,192.44830853371815,1.0109620993627944e-08
192.57640840641486,192.57640794059702,192.57640817350594,2.4188727889255058e-09
192.68346611263254,192.68347396192624,192.6834700372794,4.073672502172121e-08
193.28368107064006,193.2836839108913,193.28368249076567,1.4694728484323441e-08
193.66123822684494,193.661242725661,193.66124047625297,2.3230337627666404e-08
193.90000342297478,193.9000271444628,193.9000152837188,1.223387555403872e-07
194.20611299326362,194.2061085695486,194.2061107814061,2.277845400383542e-08
194.28082874973666,194.28083113484206,194.28082994228936,1.2276586371974881e-08
194.4806012649362,194.4806044015282,194.4806028332322,1.612804530876652e-08
194.5315969060188,194.53160117022617,194.53159903812247,2.192038389076441e-08
195.00226206386142,195.00226295794482,195.0022625109031,4.5849898650116525e-09
195.04976161352587,195.0498347983415,195.04979820593368,3.752108567274983e-07
195.69424819462284,195.69425408069583,195.69425113765934,3.007790398004221e-08
196.0236058399326,196.0236111496275,196.02360849478004,2.708701705743296e-08
196.26177704518898,196.2617933820834,196.2617852136362,8.324031966219568e-08
196.4895065333057,196.48951341712166,196.48950997521368,3.503401192590703e-08
196.67270820264804,196.67271423042422,196.67271121653613,3.064876693243303e-08
197.0526265316741,197.05264006555137,197.05263329861273,6.868153238044715e-08
197.1219118514053,197.12192052305002,197.12191618722767,4.399127561564053e-08
197.14197623911755,197.14197955230173,197.14197789570966,1.680608152493186e-08
197.62025889166335,197.62025409186623,197.6202564917648,2.4287981161482096e-08
198.0252671753267,198.02526465642038,198.02526591587355,1.2720125818706762e-08
198.137406114042,198.13741180263668,198.13740895833934,2.8710351223183748e-08
198.48227008614637,198.48228744654068,198.48227876634354,8.746571058305721e-08
198.53771001767308,198.53784432636155,198.53777717201731,6.764891042752721e-07
199.063421172361,199.063416744588,199.0634189584745,2.2243026631468546e-08
199.25350082602876,199.25350054147407,199.2535006837514,1.4281038284848175e-09
199.93498125834435,199.93498784513113,199.93498455173773,3.2944642920045506e-08
200.3514143847999,200.35142701150707,200.3514206981535,6.302279623897679e-08
200.49533474877924,200.49534834691755,200.4953415478484,6.782271220607408e-08
200.7299848214722,200.7299812442082,200.7299830328402,1.782127361343575e-08
201.2718600112454,201.27185472031326,201.27185736577934,2.628749064356644e-08
201.60878560796024,201.6087848332622,201.60878522061122,3.842580743392086e-09
201.6552719049617,201.65527095366684,201.65527142931427,4.71743109865768e-09
201.85049603638916,201.85049838506384,201.8504972107265,1.1635714069881789e-08
201.9496727834773,201.9496847628199,201.9496787731486,5.931845167577607e-08
202.28615957933883,202.28613400404785,202.28614679169334,1.2643124487488806e-07
202.47080645335885,202.47079079475208,202.47079862405548,7.733760261352674e-08
202.5760719985683,202.57608739798678,202.57607969827754,7.601794804534706e-08
202.98817692415975,202.9881871858791,202.98818205501942,5.055328339855197e-08
203.05289684651828,203.05289684651828,203.05289684651828,0.0
203.1216989775069,203.12168617545603,203.12169257648145,6.3026505418312e-08
203.2039112716459,203.20390793528244,203.20390960346418,1.641879542448807e-08
203.28665558522573,203.2866527433892,203.28665416430746,1.3979454406518254e-08
203.4116669904226,203.41166292908017,203.41166495975136,1.9966123297378456e-08
203.4584213105809,203.45842718702414,203.45842424880252,2.8882771458667604e-08
203.48524610225155,203.4852490666884,203.48524758446996,1.4568313226283726e-08
203.5430692524351,203.54308387790277,203.54307656516892,7.185440746151753e-08
204.90450738332993,204.9045130648047,204.9045102240673,2.7727426184507775e-08
205.22635235603357,205.22634796566288,205.22635016084823,2.1392821343830722e-08
205.31695594943665,205.31696594453524,205.31696094698594,4.868130866894766e-08
205.4637521043742,205.46375845025545,205.46375527731482,3.08856476398865e-08
206.22998616660254,206.22996337407474,206.22997477033863,1.1051995020121337e-07
206.29007171318148,206.29007109228996,206.29007140273572,3.009798325580279e-09
206.43403402376447,206.43403080564585,206.43403241470514,1.558908944729309e-08
206.58711450784347,206.58709301642529,206.58710376213438,1.0403077768080982e-07
206.6224651620858,206.62246968397125,206.62246742302852,2.1884771055058366e-08
206.71733481373036,206.717331751805,206.7173332827677,1.4812136378404312e-08
207.4614572442858,207.46145963227366,207.46145843827975,1.151051309763258e-08
207.84666192430132,207.8466529589495,207.8466574416254,4.313445175049405e-08
207.86847822003676,207.86847336764825,207.8684757938425,2.3343551440122478e-08
207.9207424990315,207.92075039545088,207.92074644724119,3.797802468173361e-08
208.2483158825545,208.24831052232545,208.24831320244,2.5739603302820168e-08
208.2932046404953,208.29320840300275,208.29320652174903,1.8063514772197582e-08
208.38286647154223,208.3828745289095,208.38287050022586,3.866616815717815e-08
208.4673691691279,208.46737049354513,208.4673698313365,6.353115298721125e-09
208.52893124319115,208.5289375430637,208.52893439312743,3.0211023116235985e-08
208.78543551851686,208.785424126802,208.78542982265944,5.456182717611481e-08
208.96207023231068,208.96205392128275,208.9620620767967,7.805736187625386e-08
209.09385227326118,209.0937530679812,209.0938026706212,4.7445335623998695e-07
209.30996176514336,209.30997405095223,209.30996790804778,5.869671970670778e-08
210.36632653675795,210.3663246986759,210.36632561771694,8.737529844239493e-09
210.56259570527914,210.5626138644834,210.56260478488127,8.624135092330658e-08
210.98107218781763,210.98107634609704,210.98107426695734,1.970925298946062e-08
211.5395281183615,211.53953521399475,211.5395316661781,3.3542823367627266e-08
211.71548086697518,211.7154856626428,211.715483264809,2.2651473066451032e-08
211.89229164759706,211.89228435788908,211.89228800274307,3.4402893676217904e-08
212.02516705747252,212.02522383415362,212.02519544581307,2.6778267264248157e-07
212.17094393893694,212.17098057603883,212.17096225748787,1.7267725202640005e-07
212.2970923420624,212.2970997377707,212.29709603991654,3.483659606283987e-08
212.5493124359208,212.54931956321886,212.54931599956984,3.353244355995118e-08
212.60414338559235,212.6041495612501,212.60414647342122,2.9047682079270175e-08
212.85421041991665,212.85421524838162,212.85421283414914,2.268437559898743e-08
213.2954472429104,213.2954505026543,213.29544887278234,1.5282763340810813e-08
213.53539239291723,213.53540189588907,213.53539714440313,4.450302737084893e-08
214.45026766345566,214.45026050366428,214.45026408355997,3.33867215845776e-08
214.8963115464718,214.8963055592437,214.89630855285776,2.7861009106097454e-08
214.94049532531594,214.94049734237984,214.94049633384788,9.384289750248638e-09
214.98186537012262,214.9818846118881,214.98187499100536,8.950412499346777e-08
215.24839309601708,215.2483832552206,215.24838817561886,4.571832727007172e-08
215.49206960086735,215.49207377374978,215.49207168730857,1.9364435796079733e-08
215.6982945296191,215.69830434715715,215.69829943838812,4.55151378537336e-08
215.9281908850425,215.9282118516755,215.928201368359,9.710001681771745e-08
216.18606534129378,216.18607208326048,216.18606871227712,3.118594382841493e-08
216.30526255604153,216.3053089461426,216.30528575109207,2.144658459281687e-07
216.51256679595951,216.51259740633654,216.51258210114804,1.4137919636511544e-07
216.62761877698932,216.6276212443235,216.62762001065641,1.138974877673847e-08
216.81644912604435,216.81646429207177,216.81645670905806,6.994868896902306e-08
216.89419043957164,216.8942236415788,216.89420704057522,1.5307925956794054e-07
217.10286918822635,217.10288789565632,217.10287854194132,8.616849897505969e-08
217.21898889083027,217.21901006425134,217.21899947754082,9.747499104535518e-08
217.29508171463266,217.2950968923092,217.29508930347095,6.984822373801903e-08
217.4099197620903,217.40992382171396,217.40992179190215,1.867266947818374e-08
217.68398139148982,217.68400263273517,217.6839920121125,9.757834793739392e-08
218.00073797066943,218.00073800261276,218.0007379866411,1.465285395442322e-10
218.08874450888652,218.08874656885192,218.0887455388692,9.445537327774649e-09
218.77328489887975,218.77329587483985,218.7732903868598,5.017047464907652e-08
219.03955873164847,219.03956598611123,219.03956235887983,3.311941715119295e-08
219.2258936454263,219.2258888815165,219.2258912634714,2.1730598154985363e-08
219.4638239918962,219.46382939914244,219.46382669551932,2.463843934457297e-08
219.55627444719025,219.5562828617427,219.55627865446647,3.832526370933313e-08
219.60028868443314,219.60036015005895,219.60032441724604,3.2543492077814643e-07
219.77854132368915,219.77857036875437,219.77855584622176,1.321560385527648e-07
219.9452845559597,219.9452959604493,219.9452902582045,5.185148226258517e-08
220.11900441515775,220.11902188554615,220.11901315035195,7.936791763969727e-08
220.5378784385293,220.53789861691052,220.53788852771993,9.149620698617248e-08
221.57494584418774,221.57495731984915,221.57495158201846,5.1791328534530076e-08
221.6446753558931,221.64468295746428,221.6446791566787,3.429620364738029e-08
222.06875828913886,222.0687679449885,222.06876311706367,4.3481349230893405e-08
222.48088211596442,222.48090416592174,222.48089314094307,9.910943775511281e-08
222.94231720538653,222.94232524099166,222.94232122318908,3.604342569539529e-08
223.10438443542094,223.10438740748774,223.10438592145434,1.33214179688394e-08
223.16269192887586,223.16269379594496,223.1626928624104,8.366403318727834e-09
223.2512299541178,223.251220767256,223.2512253606869,4.1150330077615866e-08
223.81340029720445,223.81346237341563,223.81343133531004,2.7735691374902363e-07
224.1402262870972,224.14024072913816,224.14023350811766,6.443305725483633e-08
224.43240865636142,224.43241476399015,224.43241171017578,2.721366582287445e-08
224.62890223648654,224.62886747180093,224.62888485414373,1.5476497130311177e-07
224.86022418786968,224.86017435486428,224.86019927136698,2.216176986014407e-07
224.91636731074007,224.91635944751692,224.91636337912848,3.4960653332638186e-08
225.13251276850602,225.143150247619,225.1378315080625,4.7247624905634505e-05
225.16567429388198,225.16569052722417,225.16568241055307,7.209509653099113e-08
225.49121228244292,225.49120372472123,225.49120800358207,3.7951464265250686e-08
226.14871958741315,226.14855558887956,226.14863758814636,7.251800226566266e-07
226.76803070242687,226.76805274618508,226.768041724306,9.720839395273767e-08
227.1033763428974,227.10337802278,227.1033771828387,7.396995154537576e-09
227.1266700313936,227.12667867611717,227.1266743537554,3.8061242427103635e-08
227.42867027556474,227.4317409127224,227.43020559414356,1.3501357133968054e-05
227.74509050279863,227.74421032289976,227.74465041284918,3.864759046740158e-06
227.81698870579856,227.81818465706698,227.81758668143277,5.249586507831127e-06
227.92797372408018,227.92798278178324,227.92797825293172,3.973932010030958e-08
228.66006021645734,228.66006981039982,228.66006501342858,4.195722710801188e-08
228.76907601616412,228.76902138094164,228.76904869855287,2.3882258666462734e-07
228.8108113145609,228.81083902824136,228.81082517140112,1.211204878686445e-07
229.04963287203364,229.049649088097,229.0496409800653,7.079715433945422e-08
229.11500643337575,229.11499171665238,229.11499907501405,6.423290905168549e-08
229.25871971246204,229.25874503552248,229.25873237399225,1.1045624644559353e-07
229.68235827037472,229.68237273586254,229.68236550311863,6.29804004999795e-08
229.82158925689131,229.82159552489207,229.82159239089168,2.7273332368464416e-08
229.87716338130252,229.87713419300113,229.87714878715184,1.269734712568338e-07
230.1082959958291,230.10829822812468,230.1082971119769,9.701065058025704e-09
230.29528354865533,230.2952957586753,230.29528965366532,5.301897259525585e-08
230.88095260716193,230.8808420229782,230.88089731507006,4.789662486037919e-07
230.97603932199718,230.97600160467888,230.97602046333805,1.6329537212310801e-07
231.05082115106356,231.05102912783448,231.05092513944902,9.001334973853576e-07
231.1160645325265,231.11548526684567,231.11577489968607,2.5063843225812034e-06
231.1999434970238,231.20006903940268,231.20000626821326,5.430032066571451e-07
231.2852268174585,231.28525111789938,231.28523896767894,1.0506697148634807e-07
231.72044159902936,231.7204329671955,231.72043728311243,3.7251067669271065e-08
232.17780641003014,232.17782724609984,232.17781682806498,8.974185839206349e-08
232.4976310840089,232.49763300418576,232.49763204409732,8.258909270678344e-09
232.68483537955436,232.6848490617009,232.68484222062762,5.880119225552388e-08
232.93387166259896,232.93389992158967,232.93388579209432,1.2131763869338396e-07
233.46941613810353,233.4694456974979,233.4694309178007,1.266092626168808e-07
233.6166607264948,233.61667105113546,233.61666588881513,4.419479395304714e-08
233.74762154092875,233.74762128599508,233.7476214134619,1.0906364111207747e-09
233.82983788127055,233.82986745878264,233.82985267002658,1.2649159158361567e-07
233.93973155294174,233.9397902566815,233.93976090481164,2.509352500636871e-07
234.19286725377245,234.19285708708364,234.19286217042804,4.341160740354652e-08
234.26793656279338,234.2679632896967,234.26794992624502,1.1408688981284489e-07
235.01006824268595,235.01034635403818,235.01020729836205,1.1834004610646242e-06
235.1748734072031,235.17487551395658,235.17487446057984,8.95824209852028e-09
235.43683060121685,235.43683568105155,235.4368331411342,2.1576210360791184e-08
236.04545575479014,236.04545349017494,236.04545462248254,9.593979250535129e-09
236.32263993541565,236.33081525090583,236.32672759316074,3.459267671673741e-05
236.37885760082378,236.3788621083475,236.37885985458564,1.9069064325428153e-08
236.43523545031985,236.43526404709812,236.435249748709,1.2094971695425155e-07
236.7421117397869,236.74211594965934,236.74211384472312,1.7782524298394912e-08
236.79083682732042,236.79087097643068,236.79085390187555,1.4421632946531276e-07
237.3001785073619,237.3002111302283,237.3001948187951,1.3747508375150872e-07
237.37097660081253,237.3709936206716,237.37098511074208,7.1701511742962e-08
237.79233929051492,237.7923721315314,237.79235571102316,1.3810794768884311e-07
238.23449220751027,238.2346454266144,238.23456881706232,6.431436698072641e-07
238.37016824653193,238.37018304325233,238.37017564489213,6.207454390495742e-08
238.95738069269763,238.95739055691163,238.95738562480463,4.128022148385543e-08
239.10021447559436,239.10022489276514,239.10021968417976,4.3568218262115894e-08
239.21900042665408,239.2190349725867,239.2190176996204,1.4441130338716176e-07
239.33023161491082,239.33035608010374,239.33029384750728,5.200560219944205e-07
239.7430543879149,239.74306561101483,239.74305999946486,4.6813032541582855e-08
239.87903100520677,239.87905136109737,239.87904118315208,8.48589757317713e-08
240.13738068443678,240.13740035055767,240.13739051749724,8.189528521197162e-08
240.48585970818226,240.48570527255174,240.485782490367,6.421817511753539e-07
240.5696334052821,240.5696604888334,240.56964694705775,1.1258090996534735e-07
240.6239639131442,240.62386734814146,240.62391563064284,4.013108302472175e-07
240.82258913585594,240.82258551321533,240.82258732453562,1.5042777416649663e-08
240.91885555003546,240.91889009195398,240.91887282099472,1.4337571665931475e-07
241.18712767940178,241.1652174710467,241.17617257522426,9.08431912013356e-05
241.5647640378725,241.5647573521931,241.56476069503282,2.76765504580459e-08
242.1821388609193,242.1821192878451,242.1821290743822,8.081964386034402e-08
242.53141233408257,242.53138136991137,242.531396851997,1.2767076604301125e-07
242.6233960191308,242.6232284826623,242.62331225089656,6.905206638952685e-07
242.68173051319724,242.68174908714366,242.68173980017045,7.653623105110385e-08
243.33998824608423,243.34061383509825,243.34030104059124,2.5708368371459935e-06
243.5735036183078,243.57351406782263,243.5735088430652,4.2900866590854726e-08
243.68312929587836,243.68327945625603,243.68320437606718,6.162112476766693e-07
243.8920199445722,243.8920734000888,243.8920466723305,2.1917693284380903e-07
244.16972977391592,244.16978481177557,244.16975729284576,2.2540815070673776e-07
244.3027783320929,244.3027908396077,244.3027845858503,5.119677404877597e-08
244.88284185583228,244.8828451649294,244.88284351038084,1.35129804943092e-08
245.1522871172264,245.15248010360463,245.1523836104155,7.872095691481012e-07
245.2944581911459,245.29451184064254,245.29448501589422,2.1871462281348448e-07
245.76092628039927,245.76094212865436,245.76093420452682,6.448646783106991e-08
246.03928762858953,246.03926982234023,246.0392787254649,7.237156909003659e-08
246.30725154447714,246.30726543888247,246.30725849167982,5.6410862679431554e-08
246.54353051045504,246.54354196264978,246.54353623655243,4.6451002730801343e-08
246.7872653171973,246.7873277171458,246.78729651717157,2.528490789853346e-07
247.3330074074511,247.33303840999469,247.3330229087229,1.2534736070346438e-07
247.3926453546832,247.392648976703,247.3926471656931,1.4640773704694645e-08
247.57270233107803,247.57270338564385,247.57270285836094,4.2596207086143876e-09
248.31963178314146,248.31966317536407,248.31964747925275,1.264185937126902e-07
248.6458087325849,248.6458368129846,248.64582277278475,1.1293331943784421e-07
248.72349172633383,248.7233615228367,248.72342662458527,5.234869300767306e-07
248.8405644163038,248.84062224007934,248.84059332819157,2.3237273325527635e-07
249.0443235329149,249.04427988235432,249.0443017076346,1.752722565658942e-07
249.27905652045223,249.27887241501867,249.27896446773545,7.385515499425599e-07
249.4441971602569,249.44427738561936,249.44423727293812,3.216163678229775e-07
249.6345446166742,249.63740073257344,249.63597267462382,1.1441057673519351e-05
249.7500144623133,249.743217367645,249.74661591497915,2.7215592691434776e-05
249.9375701474381,249.93760283234346,249.93758648989078,1.3077226072897788e-07
250.9302614271082,250.9300656504242,250.9301635387662,7.802035628609668e-07
250.99524316346918,250.99608626156746,250.9956647125183,3.359008942449062e-06
251.72500650855469,251.72497988949877,251.72499319902673,1.0574656958064044e-07
251.88691660879851,251.88690593526297,251.88691127203074,4.237431497168445e-08
252.9127026872505,252.9127343302611,252.9127185087558,1.2511434303573184e-07
253.29757231724622,253.29753753096566,253.29755492410595,1.3733365166976225e-07
253.6328667682939,253.6326547837383,253.63276077601608,8.357929249945133e-07
253.74648143494505,253.74647284116625,253.74647713805564,3.3867578194073195e-08
254.0772643340816,254.07727129632534,254.07726781520347,2.740207219380965e-08
254.36321032596118,254.36131680559464,254.3622635657779,7.4441597277764445e-06
254.5825980065239,254.58261450893096,254.58260625772743,6.482142184606116e-08
254.67638884011308,254.67640476876832,254.67639680444069,6.254468394526582e-08
254.8199017263051,254.8199447713822,254.81992324884365,1.6892350070601776e-07
254.88841466877273,254.8884562742398,254.88843547150626,1.632300955054861e-07
255.27628341649455,255.2762416741088,255.27626254530168,1.6351846394971262e-07
255.31977338622065,255.31976513870524,255.31976926246296,3.2302689685141616e-08
255.84209657558216,255.84210213531253,255.84209935544735,2.173110024553838e-08
256.08233769126264,256.0823461686383,256.0823419299505,3.310410029972443e-08
256.34737120425746,256.34704917816885,256.34721019121315,1.2562098339381546e-06
256.68645575201316,256.6864447094797,256.68645023074646,4.3019540808816505e-08
257.05161457172176,257.05165572279276,257.05163514725723,1.6008872180426617e-07
257.5451032653897,257.54497110632326,257.5450371858565,5.131492105619074e-07
257.7592255179227,257.76060211952915,257.7599138187259,5.340620696673053e-06
258.1789645371865,258.17900448268534,258.17898450993596,1.547201675324022e-07
258.5660316785023,258.56606397380034,258.56604782615136,1.249015339306611e-07
259.0736926560103,259.0760628787206,259.0748777673655,9.148752239026751e-06
259.1584503126836,259.15846964726416,259.1584599799739,7.460524276568675e-08
260.0450870586719,260.0450496330456,260.0450683458588,1.439197592250631e-07
260.2143904605915,260.21812240308014,260.21625643183586,1.434159333010222e-05
260.6987728634073,260.6986983547502,260.69873560907877,2.858036357558161e-07
260.7330580677664,260.7330168499518,260.73303745885914,1.580843446455857e-07
260.7872819536076,260.7872366416278,260.7872592976177,1.7375072672934123e-07
260.9219491127597,260.9220520150314,260.92200056389555,3.943793592660596e-07
261.55618349025457,261.56304167770134,261.5596125839779,2.6220017181240317e-05
262.30735447402276,262.30737490719076,262.30736469060673,7.78978021912235e-08
262.54903079024064,262.5243637251834,262.53669725771204,9.395222287819299e-05
262.7580814237719,262.7580782462976,262.7580798350348,1.2092774770930943e-08
262.99512517314673,262.99513717690394,262.99513117502534,4.564250630204024e-08
263.42413983121077,263.42417706706556,263.4241584491382,1.4135321672152958e-07
263.5956712663054,263.59568483173337,263.5956780490194,5.146301237912635e-08
263.85082874884597,263.8508388604293,263.85083380463766,3.832310469593724e-08
264.09688348088594,264.0964505281981,264.09666700454204,1.6393706814657667e-06
264.3224849086736,264.3225118049568,264.3224983568152,1.0175555240732268e-07
264.45767926825124,264.4577239423874,264.45770160531936,1.6892732611874386e-07
264.59777485145423,264.59782187210516,264.5977983617797,1.7770611485836787e-07
265.40488861327435,265.405355177231,265.4051218952527,1.7579297009215194e-06
265.57212857031374,265.57212764948844,265.5721281099011,3.467326580585253e-09
265.6820046187851,265.6820036849801,265.68200415188255,3.514746830145394e-09
265.95036171170335,265.95039578787777,265.95037874979056,1.2812981275918367e-07
266.492856482218,266.49273408792914,266.49279528507356,4.592779350747061e-07
266.6459080237743,266.64706313320323,266.64648557848875,4.3319788162469825e-06
266.9050710366943,266.90509212820905,266.90508158245166,7.902252653473752e-08
267.2318820585322,267.23111705270935,267.23149955562076,2.8627041690443743e-06
267.54340411833607,267.5438183257948,267.54361122206546,1.5481854947129328e-06
268.2405635381224,268.239477474806,268.2400205064642,4.048840719940504e-06
268.8359859681771,268.83036144838064,268.8331737082789,2.0921751886057882e-05
269.0155535631477,269.0162428148802,269.0158981890139,2.5621193919563973e-06
269.6042148491529,269.60424484600514,269.60422984757906,1.1126253682345292e-07
270.3314099523445,270.3314947292627,270.3314523408036,3.1360355672848225e-07
270.5284053060399,270.53064574289834,270.52952552446914,8.281637935396282e-06
270.58160915249215,270.5816136675612,270.58161141002665,1.668653314647981e-08
270.6763591518259,270.6773408055481,270.676849978687,3.626656443686165e-06
271.21469424750666,271.2146586545364,271.21467645102155,1.3123540513366917e-07
271.5297848731197,271.52939283539473,271.5295888542572,1.4438111279298612e-06
271.70224376584576,271.7022397068252,271.7022417363355,1.4939223586411193e-08
272.12420505446494,272.12420016891275,272.1242026116888,1.795339075341893e-08
272.44326551960773,272.44303127281427,272.443148396211,8.598002707881756e-07
272.54664285148044,272.5465895157689,272.5466161836247,1.9569388552839052e-07
273.0491637039863,273.0491893807416,273.04917654236397,9.403710497644795e-08
273.506607260898,273.50661005267955,273.5066086567888,1.020736400271763e-08
273.63966219569926,273.6395862453609,273.6396242205301,2.7755603034761433e-07
274.0105230855807,274.0105549098766,274.01053899772864,1.1614259129103489e-07
274.2762094980292,274.2763850061161,274.2762972520726,6.398949982280336e-07
274.59821232997274,274.59812955431846,274.5981709421456,3.0144280101191466e-07
275.0678867097855,275.0676314099009,275.0677590598432,9.281340968358601e-07
275.1982897094832,275.1982382346978,275.1982639720905,1.8704616766007895e-07
275.5693978056256,275.56926373982986,275.56933077272777,4.865046584129334e-07
276.03283520858423,276.0326402637883,276.0327377361863,7.062377045123953e-07
276.80599276886926,276.80860552129883,276.807299145084,9.438841052827123e-06
277.33136051646153,277.33136131375966,277.3313609151106,2.874893499915289e-09
277.7503402458484,277.75015843893414,277.75024934239127,6.545695465543994e-07
278.3489242335195,278.34846659677856,278.348695415149,1.644111764321588e-06
278.877854594276,278.8778126404549,278.87783361736547,1.5043797994402186e-07
279.1713757374135,279.1718557943247,279.1716157658691,1.7195748828225789e-06
279.42430895761584,279.4242571370813,279.4242830473486,1.8545463958422687e-07
279.4754202165068,279.47533244652095,279.47537633151387,3.1405261246682933e-07
280.01741060857205,280.01728693821246,280.01734877339226,4.416523933860801e-07
280.11103435330256,280.1110202622387,280.11102730777066,5.0305279451647284e-08
280.39282114937293,280.39107986044434,280.39195050490866,6.210176571074294e-06
280.5175614507734,280.51770809531826,280.51763477304587,5.227639489248893e-07
281.0232065875623,281.02304975908845,281.0231281733254,5.580623598762153e-07
281.4665079213928,281.46654062043075,281.4665242709118,1.1617380123696612e-07
281.85020722080424,281.85365878107774,281.851933000941,1.2245930347084957e-05
282.156061082372,282.1561006302776,282.1560808563248,1.4016321289055952e-07
282.28605269629486,282.28542605831274,282.2857393773038,2.219868732929882e-06
282.46357030844626,282.4635056933756,282.46353800091094,2.287554128521247e-07
282.74842753466675,282.7484807876846,282.7484541611757,1.8834059773995236e-07
283.502260398757,283.50193819317803,283.5020992959675,1.136518553780836e-06
283.7215386237168,283.7128737652307,283.71720619447376,3.054000950414709e-05
283.7831575792041,283.7893480786664,283.7862528289353,2.1813713249746516e-05
284.3653822529768,284.3653573369242,284.36536979495054,8.761985165762377e-08
284.4307699134605,284.43074844661624,284.43075918003836,7.547300267848153e-08
284.5697526103172,284.56995275260454,284.5698526814609,7.03314898113437e-07
284.80979265696897,284.810583983,284.8101883199845,2.778429158012065e-06
285.0646133675977,285.06453775454906,285.0645755610734,2.652488070803243e-07
285.34695105557944,285.34818385503166,285.3475674553056,4.320333970835854e-06
285.9973102857309,285.99735645976574,285.99733337274836,1.6144916649930377e-07
286.4058378267653,286.4058633958371,286.4058506113012,8.927565759931146e-08
286.96579369686543,286.96583833095787,286.96581601391165,1.5553799954836248e-07
287.3359403506935,287.3371154032099,287.33652787695166,4.089456089866193e-06
287.765537889216,287.7648560336728,287.7651969614444,2.3694829762425907e-06
288.02885056405484,288.02843530578554,288.0286429349202,1.4417245650439004e-06
288.67674248038503,288.6731699801161,288.6749562302506,1.2375435022055394e-05
289.21580586003427,289.2157885097135,289.21579718487385,5.999091482283593e-08
289.58033063774735,289.58036086848136,289.58034575311433,1.0439497319993739e-07
289.7325020504561,289.7339857973253,289.7332439238907,5.121066018986344e-06
290.0082060639079,290.00809509463267,290.00815057927025,3.826418456660024e-07
290.2449893291441,290.2449983838107,290.24499385647744,3.119663259602192e-08
290.7615627040883,290.7615607091773,290.7615617066328,6.8609860687253175e-09
290.94554994003215,290.94579311414674,290.9456715270894,8.358055704608839e-07
291.73511061995055,291.73530490020266,291.7352077600766,6.659470035125019e-07
291.9476701301007,291.94743991161687,291.9475550208588,7.885607845564531e-07
292.11797762506484,292.1179740374099,292.11797583123735,1.2281527346033746e-08
292.77843626799955,292.778431876418,292.77843407220877,1.4999675609604478e-08
293.58811841265106,293.58827979453775,293.58819910359443,5.496877695918379e-07
294.5062869506371,294.5063367315825,294.5063118411098,1.690318312185267e-07
294.8469466391043,294.84720889127317,294.8470777651887,8.894510815903146e-07
295.4477928049931,295.4475490081808,295.44767090658695,8.251773013473918e-07
296.24272220124215,296.24291964705026,296.2428209241462,6.664996697556433e-07
296.540738881565,296.54069368660737,296.5407162840862,1.524072469986527e-07
296.7037412611641,296.7039787898634,296.7038600255138,8.005578498484476e-07
297.23213932800354,297.23151385910006,297.2318265935518,2.104311145130945e-06
297.8873919987926,297.88799636348386,297.8876941811383,2.0288319724848907e-06
298.2975725099982,298.2974351351664,298.29750382258226,4.6052949962960885e-07
298.7124358764229,298.7122523542712,298.71234411534704,6.143773397408106e-07
299.09830802218187,299.09835628624336,299.0983321542126,1.6136518464952622e-07
299.4207752639002,299.4208639411841,299.42081960254217,2.9616267456022175e-07
299.6929710576157,299.69275877317494,299.6928649153953,7.083397385008672e-07
299.7905586860141,299.7908914108429,299.7907250484285,1.1098563643575604e-06
299.9593643978759,299.95899427051734,299.9591793341966,1.2339249995003918e-06
300.7480391442451,300.74790617233356,300.7479726582893,4.421372519906141e-07
301.02194779088444,301.022065017903,301.0220064043937,3.894299859927349e-07
301.4289420815744,301.42897366924836,301.42895787541136,1.0479309130324787e-07
302.43847998887543,302.438523932478,302.4385019606767,1.4529763604788615e-07
302.6368829011497,302.6366015534457,302.6367422272977,9.296543808755181e-07
303.3454820531811,303.3448150111866,303.3451485321839,2.1989514727670004e-06
303.7765412555659,303.7764450747334,303.77649316514965,3.1661705062965087e-07
303.8889477947652,303.88896405823294,303.8889559264991,5.351779647048433e-08
304.66507144743935,304.6685265661999,304.6667990068196,1.134058315600533e-05
305.3188871030501,305.31846491314246,305.3186760080963,1.3827834616786065e-06
305.65055294125926,305.65207271674376,305.65131282900154,4.97224007345319e-06
306.50517567530676,306.5050724709074,306.5051240731071,3.367133984751414e-07
306.67385768005215,306.67415488703364,306.6740062835429,9.691295361861238e-07
306.7730300963162,306.77294851167846,306.7729893039973,2.6594462259809806e-07
307.8738200399774,307.87243836891645,307.8731292044469,4.487783536602195e-06
308.5531093924802,308.5532818167974,308.5531956046388,5.588153726362229e-07
309.0726671255016,309.0727210260528,309.07269407577724,1.7439439832607453e-07
309.37386120344064,309.37384009697223,309.37385065020646,6.822317931892593e-08
309.595868844847,309.595501294363,309.595685069605,1.187194407387971e-06
309.8945550719981,309.8943373316771,309.8944462018376,7.026271274219569e-07
310.74562015057586,310.74583885673576,310.7457295036558,7.038104217371684e-07
311.1312215751122,311.13034877466345,311.1307851748878,2.8052486803735765e-06
311.47338786758473,311.4736761551544,311.47353201136957,9.255599806467583e-07
311.77440110827615,311.77469922197923,311.7745501651277,9.561831150040606e-07
311.9664570143357,311.9662762697195,311.9663666420276,5.79371955206516e-07
312.223136554395,312.22303795304094,312.22308725371795,3.1580412379552306e-07
312.7166918879802,312.7213810023299,312.71903644515504,1.499454349651769e-05
313.0026809388318,313.0032119221882,313.00294643051,1.6964150403550537e-06
313.74805217808347,313.7340169070365,313.74103454256,4.473420934258997e-05
314.38454661329774,314.36509035354186,314.3748184834198,6.188681971005416e-05
314.7448726831395,314.74947365791616,314.74717317052784,1.4617895061770344e-05
315.0421743278731,315.04190005697353,315.0420371924233,8.705847087496795e-07
315.4060425745976,315.40587891403715,315.4059607443174,5.18888475117742e-07
316.96695238060784,316.9673907159952,316.9671715483015,1.3829037313695302e-06
317.1491605512825,317.1493162701788,317.1492384107306,4.909955290738165e-07
317.5594952740605,317.5626947341095,317.561095004085,1.0075050067504949e-05
318.56564181472095,318.56590292788394,318.56577237130244,8.196519482847567e-07
318.9814651377257,318.98147420072115,318.98146966922343,2.8412294063107602e-08
319.61692139026127,319.6169679252742,319.6169446577677,1.4559619043250045e-07
320.24136312917557,320.24129688204096,320.24133000560823,2.0686626475875753e-07
320.7337700677986,320.7348229635645,320.73429651568154,3.2827609929167396e-06
321.3949820610162,321.39516234601655,321.3950722035164,5.609449719904848e-07
321.65596280834757,321.656152161879,321.65605748511325,5.886830708897648e-07
322.3906427430347,322.38861375179926,322.38962824741697,6.293579795482277e-06
322.852187060654,322.85236828038063,322.8522776705173,5.613083391860921e-07
323.19939913772,323.1991669187518,323.19928302823587,7.185006184556409e-07
323.3437994128684,323.3388494607799,323.34132443682415,1.5308634640582e-05
323.80838617775794,323.8082074553335,323.80829681654575,5.519388381084625e-07
324.82565222187327,324.8237533348356,324.82470277835444,5.8458653886478985e-06
325.5067189440914,325.5067586635589,325.50673880382516,1.2202348016330062e-07
326.03124871630007,326.02978201281735,326.0305153645587,4.498659219000481e-06
326.82846415355414,326.815766104278,326.82211512891604,3.885233591580049e-05
327.6045016529044,327.60335023981554,327.60392594635994,3.5146436725967294e-06
328.09952716624656,328.1010293628155,328.100278264531,4.578457348497229e-06
328.7202924907907,328.72029824998117,328.72029537038594,1.7520032953627012e-08
329.0877640599128,329.0877328004155,329.08774843016414,9.498833048503095e-08
329.93062053620093,329.9306049664215,329.93061275131123,4.719107120698159e-08
331.609563295964,331.609626027441,331.6095946617025,1.891726658803896e-07
332.01584198083674,332.02028577615584,332.01806387849626,1.3384107867737175e-05
332.3101401263061,332.3263598178049,332.3182499720555,4.880651510068816e-05
333.4334902732454,333.4338003376604,333.4336453054529,9.29912968215554e-07
333.58227172182336,333.5820587622505,333.5821652420369,6.384019503742355e-07
335.01292226071644,335.01580291665687,335.01436258868665,8.59856733727519e-06
335.6988381416417,335.7013146857612,335.7000764137015,7.377224964974359e-06
336.1010670414723,336.1008408592346,336.1009539503534,6.729589990864786e-07
337.20009199707243,337.1976096985369,337.1988508478047,7.36150017290473e-06
338.59974955284434,338.59314900139333,338.59644927711884,1.9493669028792667e-05
339.8130767671476,339.8150980023681,339.81408738475784,5.948044193298196e-06
342.34082631189665,342.3424868491928,342.34165658054474,4.850514791365561e-06
342.72638685661894,342.72082816211594,342.7236075093674,1.6219044451147304e-05
343.67802908429474,343.67072795487775,343.67437851958624,2.1244097088314556e-05
344.17760928589496,344.171574943661,344.17459211477797,1.7532640331983415e-05
344.46439893913725,344.4641306041133,344.46426477162527,7.789920374974749e-07
345.1483774539736,345.14843610468836,345.14840677933097,1.6992895995477365e-07
346.0452634292765,346.04543043289385,346.0453469310852,4.826060473298022e-07
346.71622261298324,346.71621061915147,346.71621661606736,3.459264664988988e-08
347.4951664093709,347.49452039256687,347.4948434009689,1.8590670215281736e-06
348.9506724542706,348.9505884011082,348.95063042768936,2.4087405200772245e-07
349.38566571660624,349.3856318744741,349.3856487955402,9.686182197827977e-08
349.9116036669213,349.91107716840736,349.9113404176643,1.504661487081707e-06
350.6150132630686,350.6145664619136,350.6147898624911,1.2743354906754158e-06
353.19159706003126,353.191557124272,353.19157709215165,1.1307109118095606e-07
353.84901699237747,353.84735231151586,353.84818465194667,4.704494803343253e-06
356.1685559614482,356.16747826561794,356.1680171135331,3.0258028458970536e-06
357.4417046780701,357.4305792216705,357.43614194987026,3.112523316111479e-05
359.7768757846067,359.77271246070865,359.7747941226577,1.1571960785389431e-05
362.2869539876219,362.28627766292453,362.2866158252732,1.8668204580663857e-06
363.25460546694876,363.25380590669374,363.25420568682125,2.201101494612432e-06
363.86928703119474,363.86933009057657,363.86930856088566,1.1833748618762985e-07
364.64534633074845,364.63999118303855,364.6426687568935,1.468590718020288e-05
365.70565857802956,365.6946488195994,365.70015369881446,3.0105518391329944e-05
367.2861683291529,367.2790762497303,367.2826222894416,1.9309410574469335e-05
368.2569190802836,368.25213876960265,368.2545289249431,1.2980912056906036e-05
369.45225105851904,369.45008683461907,369.45116894656906,5.8579258720627195e-06
370.26652309831553,370.2663570156662,370.26644005699086,4.4854892079827697e-07
370.89879798242265,370.8985177893553,370.89865788588895,7.55443449437196e-07
371.7317560004625,371.71689511576335,371.7243255581129,3.997744195717299e-05
372.9366870426822,372.9165515141806,372.9266192784314,5.3991814699924e-05
374.7916813582051,374.79192514781613,374.7918032530106,6.504665513738401e-07
375.38630511402135,375.3862054225949,375.3862552683081,2.655702274798477e-07
376.8461466064094,376.8462302055451,376.8461884059773,2.2183885371298437e-07
378.2186149888172,378.2186090350681,378.21861201194264,1.574155494672762e-08
380.02539296310846,380.0253429928453,380.0253679779769,1.3149190573570632e-07
381.62720368214275,381.6234304342238,381.62531705818327,9.887261396857614e-06
382.09259203323626,382.09716570952287,382.0948788713796,1.196992989497417e-05
386.5167043321562,386.51122860582916,386.5139664689927,1.416685557361435e-05
387.6279530931798,387.64570344350284,387.63682826834133,4.579013817342559e-05
389.2310754398277,389.22906707398914,389.23007125690845,5.1598291227887246e-06
391.72912656650453,391.72872808971624,391.7289273281104,1.0172253255299896e-06
392.65241559970883,392.6531199437646,392.6527677717367,1.7938073581308286e-06
393.22623000677925,393.2277087230605,393.2269693649199,3.7604579953721367e-06
394.80873118972283,394.7870246537914,394.7978779217571,5.4979878145163156e-05
396.1138904544523,396.1137806765019,396.1138355654771,2.7713734116569907e-07
398.35402566299155,398.3177493551913,398.33588750909144,9.106549818304478e-05
399.99429662775736,399.9866405185942,399.9904685731758,1.9140545822091443e-05
405.65882817667807,405.65868613454563,405.65875715561185,3.50151710186441e-07
406.1107298129807,406.1087349784356,406.1097323957082,4.912045899416976e-06
407.6067804716739,407.606737017788,407.606758744731,1.066073676294393e-07
409.402600914216,409.396407277265,409.3995040957405,1.5128474848948771e-05
411.6762015981099,411.7099309350968,411.69306626660335,8.192500217391524e-05
413.7725335581049,413.7717002764348,413.77211691726984,2.013864146432773e-06
414.61503177910305,414.61248146296964,414.6137566210364,6.1510460015529825e-06
416.1095416307153,416.095379967521,416.10246079911815,3.4033497859177974e-05
418.9706631898154,418.95924646873493,418.96495482927514,2.724945224937397e-05
421.9696348027863,421.97190382804143,421.97076931541386,5.377195103658517e-06
424.1998424177137,424.19850218126646,424.1991722994901,3.1594458865927126e-06
426.1685289547979,426.1614406594737,426.16498480713585,1.663261091000619e-05
430.73298799111217,430.7700755177184,430.7515317544153,8.609587507130126e-05
433.72839788454377,433.71115669882084,433.7197772916823,3.9751111080148964e-05
436.3948258235362,436.3947356742145,436.39478074887535,2.065774303800539e-07
437.5631696161629,437.55910760469874,437.5611386104308,9.283257244251671e-06
438.56451294975705,438.5759027493439,438.57020784955046,2.59699621330751e-05
441.7554198597728,441.7551355026268,441.7552776811998,6.436981488969349e-07
457.8105879345228,457.8238405592073,457.8172142468651,2.8946995570039677e-05
459.596006938803,459.59693372429757,459.5964703315503,2.01651801084611e-06
461.06151504462576,461.05980417482584,461.0606596097258,3.71071916457042e-06
468.36311984759,468.3515855084751,468.35735267803256,2.4626915796899833e-05
471.11073590292017,471.12331988585464,471.11702789438743,2.6710592329671995e-05
473.43307743139934,473.43093898698845,473.4320082091939,4.516888474483096e-06
480.97040624592944,480.9374192519183,480.95391274892387,6.858424880775819e-05
483.375026252213,483.3769169124898,483.3759715823514,3.911358218886407e-06
