lambda_mfs,lambda_ssg,ssg_index,rel_err_ssg,lambda_fem,fem_index,rel_err_fem
5.270972622805766,5.270982591813135,1,1.8912996194123932e-06,5.272850187022797,1,0.00035608146456590214
7.855527112187201,7.855560428457765,2,4.241106776162729e-06,7.8585469401762555,2,0.00038427307389559003
10.003926790707485,10.003948858306705,3,2.2058888477465835e-06,10.008033675733403,3,0.0004103588336114035
11.1618055045735,11.161899171289969,4,8.391646890101042e-06,11.166430925707095,4,0.00041422556270383643
13.352141679011279,13.352198563684425,5,4.260322588434633e-06,13.357868460019738,5,0.0004287196737712487
14.32478765095632,14.324819955080176,6,2.255115523769787e-06,14.329302357016049,6,0.00031506809942619677
15.22327886106589,15.223484182235588,7,1.3487133907083602e-05,15.230043841380915,7,0.00044418652930237743
16.68801258166283,16.68806678376682,8,3.2479558414384864e-06,16.695525010144635,8,0.00044996659148136513
17.367155224995027,17.367292733408895,9,7.91766546339303e-06,17.3749456550228,9,0.0004483714759429764
18.17202518845883,18.1721185607446,10,5.1382168490451805e-06,18.17803947926554,10,0.0003308547554630834
20.055245673303453,20.05562700619071,11,1.901376043443863e-05,20.064742809128205,11,0.0004733245731129619
20.900515787444128,20.900628419154664,12,5.388915025768805e-06,20.910264382756388,12,0.0004662110021095278
20.930516442122126,20.930580148572147,13,3.0437020650580785e-06,20.93789987487903,13,0.00035263482971191625
22.071699605971684,22.071976111929715,14,1.252746725659408e-05,22.08205686150896,14,0.0004690349093036426
22.675762195707673,22.67600172605527,15,1.0563164992199294e-05,22.683693244579388,15,0.00034963657752734123
25.31412602256508,25.314238201627653,16,4.4314611278811616e-06,25.326312114447795,16,0.00048116329877190565
25.48228903974452,25.482430390817996,17,5.54700125966233e-06,25.49167879912631,17,0.0003683460573852753
25.658530256498,25.659161829749372,18,2.4613947079117983e-05,25.67141005211667,18,0.0005017174978905184
25.778881322172086,25.779119584059544,19,9.242436952902877e-06,25.791374291559645,19,0.00048438556419411134
27.477744761753815,27.47823268742301,20,1.775680680576078e-05,27.491270641681297,20,0.0004920063573552723
27.865508850729622,27.86600459212992,21,1.7790185839437972e-05,27.875876995652703,21,0.0003719396855100981
28.4922679802457,28.49233159982363,22,2.2328666822663286e-06,28.5015131271558,22,0.00032437389793496264
29.22370022737126,29.223843088368398,23,4.888508219299456e-06,29.235156567075485,23,0.0003918685941681169
30.407868657696515,30.408067079779514,24,6.525310618341206e-06,30.42302461753921,24,0.0004981739992399266
30.664061542002106,30.66437240799449,25,1.0137692963349545e-05,30.675946649232472,25,0.0003874406017935769
31.354477100908188,31.354925792428553,26,1.4310080761642957e-05,31.370306214671064,26,0.0005045890739655479
32.02122063415511,32.02218447925708,27,3.009929265117638e-05,32.03820634261971,27,0.0005301703935281439
33.58862857293479,33.58940879133293,28,2.32281074962668e-05,33.60597842738397,28,0.0005162728556369497
33.72176498010886,33.721934816785854,29,5.036385898926283e-06,33.73329794960232,29,0.0003418868060481079
33.762906127754306,33.763797156297784,30,2.6390057355021218e-05,33.77630571295966,30,0.00039671553541791255
34.54081188705026,34.54106603452419,31,7.357835269985189e-06,34.55496910227146,31,0.0004097012843303563
35.84212465976098,35.84233255061994,32,5.800148711668269e-06,35.86044750090812,32,0.0005109484801237381
36.156661844397945,36.157034485171295,33,1.0306176340384275e-05,36.175383319945034,33,0.0005175197559487111
36.496869787246375,36.497462390574164,34,1.6236836453095744e-05,36.51181518243274,34,0.00040933038008904846
37.372618965985076,37.37273420476843,35,3.0834988609609893e-06,37.38624339764504,35,0.0003644236601963911
37.65764934065247,37.658417731631005,36,2.040422898305265e-05,37.67760307643317,36,0.000529591432348411
39.11932718104271,39.12070459060113,37,3.520922163416997e-05,39.141199319142395,37,0.0005588009177067896
39.22641860940373,39.22670082581609,38,7.194497788936145e-06,39.243430683539955,38,0.00043350119599408157
39.590780900505116,39.591195849246425,39,1.0480833741137445e-05,39.605134951827175,39,0.0003624290471303232
40.40092756659215,40.402091901067124,41,2.8818668048737522e-05,40.39949439383138,40,3.5475017256367926e-05
40.482368090936234,40.48285129072657,42,1.1935912983697107e-05,40.499856945187325,42,0.0004318250870555137
41.81963520575737,41.8199643783433,43,7.871182838666523e-06,41.841865254103624,43,0.0005312872218112136
42.584618118139666,42.58526750054019,44,1.5248991931692416e-05,42.607588615028284,44,0.0005391175054792042
42.99605010112966,42.99705839728869,45,2.3450352108090105e-05,43.014775488790114,45,0.00043532454715084797
43.30355226072907,43.303791391815004,46,5.522174346585335e-06,43.3202383780478,46,0.00038518064404702626
44.72019372838805,44.721413782377134,47,2.728120347500621e-05,44.74519511341462,47,0.0005587501621838903
45.33566791666552,45.33610399634886,48,9.618816900867902e-06,45.35630491974169,48,0.00045499744991759993
46.12500425587804,46.12582794251134,49,1.7857384247501495e-05,46.14296032982134,49,0.00038914005115745073
46.918250882739194,46.92012847099636,50,4.001669045570977e-05,46.94591107205079,50,0.0005891927258402725
47.069371894136374,47.07022110571307,51,1.8041376410480434e-05,47.09090710771188,51,0.0004573115044534213
47.60006797634679,47.600172769687035,52,2.201532770665942e-06,47.617444685093254,52,0.0003649231675781408
47.73140430669662,47.73359183073166,53,4.582776931602286e-05,47.75326082494048,53,0.00045769687485823106
47.90614218943388,47.90779070001874,54,3.441007320040605e-05,47.93357306503179,54,0.0005722685342211429
47.9799423113757,47.98017805459437,55,4.913346057173827e-06,47.999886778012524,55,0.00041551070170353584
48.19454704866226,48.194909455712114,56,7.519612630231103e-06,48.220829933343104,56,0.0005450525160429126
48.44291053835414,48.44347508013048,57,1.1653618478195217e-05,48.469828606230855,57,0.0005553571912827828
49.71232619102772,49.71337824816363,58,2.116245511733896e-05,49.74050409070673,58,0.0005664980722274726
49.858745944361495,49.85925435795516,59,1.019697547047332e-05,49.87922659472999,59,0.00041060481019290036
50.17170610121658,50.17328370753902,60,3.14431547203107e-05,50.1950498254423,60,0.0004650602859624212
50.933130644404166,50.933627888124754,61,9.762582034802125e-06,50.95762921705877,61,0.0004807635879262296
52.0646633541976,52.06539554884157,62,1.4062980531594316e-05,52.08973426218009,62,0.0004813022822558626
52.576071744575756,52.577909240978094,63,3.494806904390723e-05,52.60730203433772,63,0.0005936493329686428
53.34645997175866,53.34789425419054,64,2.6885455404223346e-05,53.3689114272976,64,0.0004206841574709566
54.2250175842528,54.2252847034835,65,4.9261010277195305e-06,54.246203488725314,65,0.00039055091619306914
54.32049467567133,54.32188257532797,66,2.5549550031099936e-05,54.34700099692951,66,0.00048772371560446817
54.66971102415567,54.67010422289292,67,7.192207566434145e-06,54.693866499012,67,0.00044164869669201945
55.04606163881827,55.0465884828407,68,9.570875088624783e-06,55.077499665118125,68,0.0005707961779492876
55.377602782837705,55.38006258424277,69,4.441673212855173e-05,55.412034174285424,69,0.0006213702846465184
55.732347910454436,55.73327471337423,70,1.662925648203894e-05,55.76480215964482,70,0.0005819844764709496
55.810983611592604,55.81410276863314,71,5.58847475066789e-05,55.83862543123561,71,0.0004950304458523799
56.092313612659,56.09455236931057,72,3.9910411207713505e-05,56.12631992452446,72,0.0006058888576908481
57.058250082510185,57.05918770103799,73,1.643238478472247e-05,57.083418147471775,73,0.00044089975299955515
57.55701899805962,57.55861856754718,74,2.7790268900959635e-05,57.59151277828042,74,0.000598938603220857
57.847612517110385,57.84831380925366,75,1.2122948744685728e-05,57.877011848256835,75,0.000507962146068118
58.029207638461465,58.03152135780786,76,3.9870044628519484e-05,58.0582584168314,76,0.0005003728868572716
58.728542756585405,58.72873071065781,77,3.2003768875563147e-06,58.75299546675916,77,0.0004161951229803983
59.431838653929525,59.433027193095036,78,1.9997957728954457e-05,59.46226028506523,78,0.0005116124242479093
60.42399384808013,60.42441507611789,79,6.971156232593251e-06,60.45299527094192,79,0.00047973508561170296
61.27366173816257,61.276011182789055,81,3.834199682928959e-05,61.296918515821346,80,0.00037941185661347836
61.47870015450525,61.47933150677127,82,1.0269341753492475e-05,61.50453723009404,82,0.0004200840580611268
61.98139076474097,61.98210993730397,83,1.160290547905834e-05,62.01077620522464,83,0.0004738763531424601
62.2531740022796,62.255305434782194,84,3.4236961616499105e-05,62.28573617866898,84,0.0005227870518535832
62.533716293751134,62.53455373956318,86,1.3391729243537902e-05,62.571367713554906,86,0.0006017356049517205
63.705817393092104,63.707259944718835,87,2.2643441704801922e-05,63.745026389826016,87,0.0006150910738374043
64.3181305686792,64.31893795241679,88,1.2552815131865122e-05,64.35267164046981,88,0.0005367465081106494
64.46011716075698,64.4632552271644,89,4.867992465409902e-05,64.50250328867826,89,0.0006571237666789223
64.61502100126634,64.61926984871272,90,6.575201880683737e-05,64.6498184820514,90,0.0005382456069032865
64.91905574162159,64.92061479307105,91,2.4014736373511468e-05,64.95010130013635,91,0.00047799091753990893
64.94560765512874,64.94855220503081,92,4.533665188983352e-05,64.95010130013635,91,6.918611237953818e-05
65.3775880721834,65.37866457019643,93,1.6465585831580274e-05,65.41299396336875,93,0.0005412669416289954
66.04392067967964,66.04429005832927,94,5.592893031276465e-06,66.07349974637933,94,0.00044766913835683585
66.13243017421263,66.13474441960884,95,3.4992883340159184e-05,66.1746055219099,95,0.0006373343273395548
66.56966921767332,66.5728974505995,96,4.8491699322109987e-05,66.60567393738093,96,0.0005405653539585136
67.4534489512563,67.45528584134468,97,2.723122532888598e-05,67.49043336424978,97,0.0005479948957190598
67.91711048021332,67.91773016596787,98,9.124064556176952e-06,67.95201171303981,98,0.0005136158878396735
69.38237121922998,69.38359184640177,99,1.7592447137822225e-05,69.4141421891937,99,0.0004577016867416158
69.93403234766787,69.93525781041987,101,1.752281739384753e-05,69.95666382015385,100,0.0003235070292111812
70.67468346493584,70.67598599490913,103,1.8429597478572347e-05,70.719643997516,103,0.0006357573375474284
70.78993005391048,70.7936038976409,104,5.1895136398721253e-05,70.83833692799132,104,0.0006833428928469379
70.88496088914599,70.88808959711312,105,4.41358764909252e-05,70.92503919250372,105,0.0005650797491835184
71.52275203138117,71.52312951245645,106,5.2777483011305795e-06,71.55729033367373,106,0.0004826664359635079
71.64994194423751,71.65009674407881,107,2.160497310287255e-06,71.68220936925995,107,0.00045014551457557344
72.04251864527603,72.04358778114113,108,1.4840125235605811e-05,72.08376840862326,108,0.0005722475982857959
72.37905088846125,72.38118530095205,109,2.9488498729737765e-05,72.42646649712617,109,0.0006546724002723734
73.45521003966266,73.45759878975275,110,3.251876088310737e-05,73.49348385156208,110,0.0005207783043285678
73.53937730101538,73.54101357914652,111,2.224987189472591e-05,73.58195274259569,111,0.0005786125536685415
73.97641835235017,73.97717936371367,112,1.0287109755382585e-05,74.01235955055157,112,0.0004856107604142945
74.12996475673668,74.13551866095773,113,7.491556437940439e-05,74.17354035040158,113,0.0005874816472160138
74.4518376638996,74.45561188885242,115,5.069093997179064e-05,74.50314081164635,115,0.0006886038251253294
74.82140644543465,74.82207030384434,116,8.8724945326811e-06,74.86346129346846,116,0.0005617539892920128
75.44837091467123,75.45158139724438,117,4.2550235710096255e-05,75.49989400544496,117,0.0006824260014194437
75.79045501828486,75.79478388316645,118,5.711296556051568e-05,75.83498684467672,118,0.0005872200714304832
76.03371870927428,76.03472552343123,119,1.32415044576133e-05,76.0759385905633,119,0.0005549702319972629
76.14385361557261,76.14656012233834,120,3.554338845228114e-05,76.18884896297756,120,0.0005905765478464434
77.91577884099885,77.91677153612787,121,1.2740455096419442e-05,77.96593251480036,121,0.0006432767772255228
77.95507523839814,77.95715784859938,122,2.671480411441829e-05,77.96593251480036,121,0.00013925667342154662
78.30191912773505,78.303152889063,123,1.5756215202479365e-05,78.35377491649315,123,0.000661816087525714
78.54509077198827,78.54703591100889,124,2.4764002843134225e-05,78.58890516243642,124,0.0005575136892108028
79.30255077839021,79.3072801343692,125,5.963331450741773e-05,79.34621433220317,125,0.000550291582030033
79.34323046802783,79.34446791418617,126,1.5595871909813838e-05,79.34621433220317,125,3.760562744500781e-05
79.48402332883173,79.4859786723386,127,2.45998544590999e-05,79.53791333092992,127,0.0006775385453473245
79.5710976357805,79.57169649042766,128,7.525975611484057e-06,79.53791333092992,127,0.0004172136715796201
79.67762412161403,79.67800682998256,129,4.803187024373469e-06,79.71659085701016,129,0.0004888158785669316
80.23499326024947,80.23942341666884,130,5.521171801508961e-05,80.28427424440804,130,0.0006138310973397582
80.37814433559153,80.37967814891779,131,1.908210335726917e-05,80.42752565823533,131,0.0006139853519009769
81.17787743875304,81.18280059715616,132,6.064287468408239e-05,81.23801402904581,132,0.0007402518514456773
81.76612593654741,81.76915886903646,133,3.709139889657433e-05,81.82353087853782,133,0.000701570090829092
82.34755696529973,82.34997283475334,134,2.9336615064364716e-05,82.39888700770348,134,0.0006229458220588503
82.54326184402034,82.54463943319516,135,1.668902044132562e-05,82.58700455430116,135,0.0005296560944048211
82.67792285104231,82.68136980104322,136,4.1689560891420745e-05,82.72515161207721,136,0.0005709117495048065
83.1571374660886,83.15803803699754,137,1.0829631508846902e-05,83.20755715502823,137,0.0006059508374424142
84.33440923751729,84.34142036744274,138,8.312795652361774e-05,84.38877917389435,138,0.0006442792147166935
84.40742880551585,84.41227708495553,139,5.74357144139733e-05,84.38877917389435,138,0.00022099658039927145
84.59772620096629,84.60246667077433,140,5.603228835500262e-05,84.66033267333438,140,0.0007395018468644364
84.79176996109899,84.79336573408781,141,1.8819550032083367e-05,84.84288735360936,141,0.0006024947300215707
85.04710899483786,85.04738202316844,142,3.2103084667311034e-06,85.09169032437596,142,0.0005239210711193647
85.51574420653304,85.51444740831812,143,1.5164668125976972e-05,85.57063879974582,143,0.0006415120184067435
85.6857265382057,85.69134244624293,145,6.553646934346106e-05,85.74065082404262,145,0.0006405862949376745
86.05000148640312,86.05068217043254,146,7.910268835181708e-06,86.09881322283196,146,0.0005669269366409985
86.45658633768966,86.45786945597524,147,1.4840965821372403e-05,86.51597993800547,147,0.0006865043932736401
87.21368752518454,87.21693351384121,148,3.7217413246448975e-05,87.26192838165413,148,0.000552828219181692
87.27607074119578,87.27789331074777,149,2.0882373334803997e-05,87.26192838165413,148,0.00016206792359432312
87.83085591544675,87.8337577880782,150,3.3038238423730165e-05,87.88444161846473,150,0.0006097291173632313
87.87690940143911,87.87847108588255,151,1.7770956004895874e-05,87.88444161846473,150,8.570592117233845e-05
88.23264417390713,88.23369890898141,152,1.1953880289716933e-05,88.2830934421524,152,0.0005714488049552823
88.3273830666543,88.3282705914676,153,1.0048026609722027e-05,88.2830934421524,152,0.0005016773062094932
88.97487629052819,88.97769074712419,154,3.163103663813695e-05,89.03955661502026,154,0.0007264223559842191
89.33950731288644,89.34171595417828,155,2.472127682186932e-05,89.3985707262919,155,0.0006606751419582098
89.42442216674567,89.4307968698686,156,7.128084894743402e-05,89.3985707262919,155,0.0002891706236884489
90.32510767260167,90.3312227327867,157,6.769597488028758e-05,90.38584966218332,157,0.0006720298565391192
91.28495684948975,91.28590205032532,158,1.0354291455132006e-05,91.34595124962038,158,0.0006677296508080572
91.75967470717539,91.76192523836289,159,2.452576252790439e-05,91.81326219236288,159,0.0005836573487087108
91.81517267644111,91.81861398024128,160,3.747936993378696e-05,91.81326219236288,159,2.080836725113421e-05
91.8800586062577,91.88422239015961,161,4.531554812774554e-05,91.87722886387867,160,3.0799169870777304e-05
92.11986495592474,92.12122039506099,162,1.4713647196973667e-05,92.18052846545486,162,0.0006580946165094916
92.40850005174647,92.41492987713424,163,6.957561290494884e-05,92.4830158488823,163,0.0008057241262286492
92.59567621068099,92.60041798706456,164,5.120685723287546e-05,92.65394970667856,164,0.000628936987382069
93.75901234878103,93.7595344370564,165,5.56837529654323e-06,93.8125994517663,165,0.0005712143496548934
94.20803588127805,94.21044708387458,166,2.5593792102345548e-05,94.27014212545375,166,0.0006588113985554876
94.86380386178301,94.86475718341583,167,1.0049270784276688e-05,94.92232954906174,167,0.0006165639587309274
95.04655394055831,95.04811122439796,168,1.638416397321751e-05,95.1149707323917,168,0.0007193062386138758
95.2000166625012,95.20858303072609,169,8.997474757213938e-05,95.26747915206093,169,0.0007081376578890093
95.25999526809095,95.2659173010602,170,6.216318634226067e-05,95.26747915206093,169,7.85565445479758e-05
95.3717830967189,95.37763085161723,171,6.131159734323675e-05,95.33683244867548,170,0.0003666017335140197
95.58025111716346,95.58549639553198,172,5.487525373948802e-05,95.64720025812451,172,0.0006999592333113834
95.96439799095546,95.96621022599045,174,1.8884095044726833e-05,96.03135478487066,174,0.0006972388764606371
96.24708110697736,96.25416783544765,175,7.362515961282254e-05,96.3148014382915,175,0.0007031144777630356
96.31799024223008,96.3236293063525,176,5.854289506144962e-05,96.3148014382915,175,3.31081400881861e-05
96.90386556381715,96.90650198934287,177,2.72058682503266e-05,96.9775007667908,177,0.0007593019245847984
97.01752273473782,97.01964968112134,178,2.1922841305892615e-05,96.9775007667908,177,0.0004126933322737479
97.17291761109541,97.17767327074549,179,4.893778056223827e-05,97.23244901537372,179,0.0006122586120286897
97.52311675125539,97.52487151545424,180,1.799299165005251e-05,97.58425757209959,180,0.0006265438951464883
97.61727847195965,97.61895594041425,181,1.7183839331636174e-05,97.58425757209959,180,0.00033838347169537264
97.80704359080768,97.81117340732553,182,4.222233896170344e-05,97.87271365466074,182,0.0006709741806564802
98.93966288303642,98.94279469191454,183,3.16527230494662e-05,99.01052707255828,183,0.0007157237883394415
99.15863579402527,99.16255334789258,184,3.950638355959484e-05,99.23643629965581,184,0.0007839913295113409
100.08263130870851,100.0831715656128,185,5.398079375741793e-06,100.14449957295102,185,0.0006177899386020425
100.2919414646858,100.30023309018026,186,8.266805807914425e-05,100.36024303632391,186,0.0006805640318485617
100.49712115354318,100.49833854289363,187,1.211352712998859e-05,100.56986503591247,187,0.0007233168936173761
100.6378654285201,100.63808203454377,188,2.1523266271708362e-06,100.69801754479546,188,0.0005973515441711917
101.17955745496492,101.18780812094357,189,8.153814310108193e-05,101.2544090833723,189,0.0007392431508413686
101.63888372044939,101.64229364365804,190,3.3548270964890545e-05,101.70444020799877,190,0.0006445784217022882
101.72652492319403,101.72855066175327,191,1.991317625251263e-05,101.70444020799877,190,0.00021714602774565648
101.95396695634642,101.95871933167038,192,4.6610778902594965e-05,102.02925997235702,192,0.0007379551319984478
102.36610666787567,102.36721364866284,193,1.0813821610598281e-05,102.43484916027153,193,0.0006710850160798317
102.73360688788492,102.73918397539558,194,5.42839381709953e-05,102.81827644508255,194,0.0008234874199904742
103.08379464009543,103.08484542651641,195,1.0193413169782727e-05,103.14871084002982,195,0.0006293457223625801
103.21430034062466,103.22057889400133,196,6.082656621333041e-05,103.14871084002982,195,0.0006358731976452932
104.29830185543163,104.301777984763,198,3.332761337858296e-05,104.36029787188696,197,0.0005940574885233783
104.40094276012675,104.40287104600186,199,1.846966329364733e-05,104.37367803478502,198,0.0002612222339491658
104.45267668907913,104.46085250054367,200,7.82667503550869e-05,104.4819480830439,199,0.0002801574291236557
105.30358767693825,105.30579728388662,201,2.0982766432248193e-05,105.38285478091329,201,0.0007521821660633011
105.4003672829551,105.4029000495682,202,2.402938260626075e-05,105.38285478091329,201,0.00016617980295009608
106.34687583200642,106.35385499659355,203,6.56221120274366e-05,106.42845113187467,203,0.0007664801939771639
106.70105732977537,106.70521958078572,204,3.900700478110436e-05,106.7783648531448,204,0.0007239998802730337
106.76465979865947,106.77177241875506,206,6.661517304125927e-05,106.7783648531448,204,0.00012835048096285275
107.19660384044717,107.20029743785932,208,3.445510414085353e-05,107.28465789200345,208,0.0008207515714401825
107.46430730455015,107.45961435700436,209,4.367173262134114e-05,107.53121285985424,209,0.0006221966024998469
107.56390948814413,107.56672718692238,211,2.6194891784222802e-05,107.5475678760615,210,0.00015194776046873642
107.86700330423227,107.87421058779424,213,6.6811924024252e-05,107.91896549333688,212,0.00048149265392858585
108.48958257085918,108.49524122558763,214,5.215578733710466e-05,108.57007792880884,214,0.0007414138359782744
109.19036454682433,109.1946925860511,215,3.9635985268851514e-05,109.27555735393345,215,0.0007796144826165658
109.51389607387375,109.51472476463684,216,7.5669346278967765e-06,109.58803127889968,216,0.0006764899794326294
109.89538002383921,109.89663425811122,217,1.1412854274182813e-05,109.98333121515567,217,0.000799677463345862
110.07177863500445,110.07229511023671,219,4.692145573440647e-06,110.13899742651368,218,0.00061030872878685
110.3401539995018,110.34188958613635,220,1.572917267469558e-05,110.42750952050488,220,0.0007910666588642873
111.90523112393534,111.91568773371813,221,9.343292253783239e-05,111.99051840199563,221,0.0007615580254227348
111.97121963385717,111.97265704627357,222,1.2837173416359954e-05,111.99051840199563,221,0.0001723250183482605
112.19214148474514,112.19702127300222,224,4.3493028618037416e-05,112.2726084094429,224,0.0007167102095313197
112.77462791377796,112.78100964466836,225,5.6585154810219326e-05,112.86577304336781,225,0.0008075533187091672
112.82192119848068,112.8328344155893,226,9.672022479225452e-05,112.86577304336781,225,0.0003885309399358785
113.03656885622233,113.03844375837232,227,1.6586411557475078e-05,113.11505780131691,227,0.000693885912452437
113.58538141514327,113.58771167289927,228,2.051505151112431e-05,113.67859598410159,228,0.0008199834643572922
114.137481836858,114.14004755300036,229,2.247866719317162e-05,114.22973497622534,229,0.000807610552423539
114.34230935032492,114.34460306713075,230,2.0059685759518034e-05,114.42735280184642,230,0.0007432091142470934
114.53703634369946,114.54509173151686,233,7.032503702811037e-05,114.45949423508802,232,0.0006774633168671501
115.07759143625928,115.08240798917103,234,4.185307725053462e-05,115.16947599675458,234,0.0007978204268107574
115.2454497427837,115.2483342226476,235,2.502838659968633e-05,115.16947599675458,234,0.0006596691125976943
115.82732214389556,115.83085240634963,236,3.0477738708966735e-05,115.92747661984302,236,0.0008639407918443335
116.31137582692543,116.31175014223192,237,3.2182071547348285e-06,116.39343923581136,237,0.0007050518433403287
116.8171741056899,116.81813576051356,238,8.232067883933157e-06,116.90319403546097,238,0.0007358218950371566
117.17021409543139,117.17422646120102,239,3.424273315731414e-05,117.26778749797211,239,0.0008320563099427888
117.2709653121078,117.28117205727031,240,8.702799420798729e-05,117.26778749797211,239,2.7098781374651373e-05
117.82323846806302,117.83230297920224,241,7.692721698577706e-05,117.9229351086537,241,0.0008454389343245136
118.04708544992425,118.05110217267384,242,3.4025287995258115e-05,118.1374015969923,242,0.0007645008764976169
118.16414225699904,118.16918038076545,243,4.263483719001303e-05,118.1374015969923,242,0.0002263521936766406
118.76912340180716,118.777671731227,246,7.196916133515113e-05,118.84675854989898,245,0.000653237404528953
119.24125970280683,119.25019359206135,248,7.491718868887583e-05,119.3325420870328,248,0.0007649412526501105
119.32624482563256,119.33681209627099,249,8.854996587228888e-05,119.3325420870328,248,5.277069682849979e-05
119.5541481697375,119.55557712748168,250,1.1952246633026664e-05,119.64371964686055,250,0.0007486517252006452
119.89565425607383,119.90318350553542,251,6.279440830067992e-05,119.9946568886279,251,0.0008250586744538458
120.0088393824076,120.01040061519979,252,1.3009145742211658e-05,119.9946568886279,251,0.00011819271080430758
120.10219763237738,120.10803413859472,253,4.85938035635507e-05,120.1134738914851,252,9.388005144122722e-05
120.51371363693416,120.51537598728967,256,1.379367854017211e-05,120.61076024966447,256,0.000804626490450961
120.82985844725276,120.83234819461741,257,2.0604973766122076e-05,120.93452426845502,257,0.0008654751142024548
121.6426515429637,121.6496329341017,258,5.7389331719397585e-05,121.75608263892467,258,0.0009316257019975682
122.18855667224805,122.19062182915422,259,1.6901108082233196e-05,122.28754873655893,259,0.0008095024009691588
122.93477169699811,122.93889151985343,260,3.351114366156731e-05,123.04151799700419,260,0.0008675632562390754
123.42871623547181,123.4354021073027,261,5.416494552417281e-05,123.52696908266404,261,0.0007953959197887976
123.6311019651496,123.6341203357398,262,2.44137345095427e-05,123.72659891145328,262,0.0007718384498067952
123.739120432957,123.74191181798722,263,2.2558121086145135e-05,123.72659891145328,262,0.00010120314963701254
124.2870811093632,124.2798611123664,265,5.8094665798407526e-05,124.36545464503456,264,0.0006301873449910617
124.94522147793668,124.94868676808704,267,2.773370605159644e-05,125.05907638485604,267,0.0009104089859818002
125.03510198174584,125.0384988546546,268,2.7166616201260187e-05,125.05907638485604,267,0.0001917046231528479
125.26909162933033,125.28321043375433,269,0.00011269510395781727,125.38332724128672,269,0.0009110909278755571
125.80166465697432,125.80549667310376,270,3.045984659472964e-05,125.91413445549209,270,0.000893226157683833
126.4251621237288,126.42585951950332,271,5.5162430943609034e-06,126.52345140028852,271,0.0007768463116672574
126.56036313254157,126.5668150753678,272,5.097657567182617e-05,126.52345140028852,271,0.0002917382654719574
126.71551804169148,126.72497195480733,274,7.460181659554738e-05,126.67432693497624,273,0.00032517328263674094
126.90478396776201,126.90959568148035,275,3.791449884070369e-05,126.84090596996234,274,0.0005036072338903528
126.99659423401116,126.99789776025166,276,1.026415604899431e-05,127.02426264771772,275,0.00021781991195885515
128.20470653920447,128.21010179353954,277,4.208135131004351e-05,128.32150899254552,277,0.0009102328538533393
129.30585026842772,129.311494982596,278,4.3652067970009525e-05,129.41572508038752,278,0.0008490066558105593
129.48669017608776,129.4929611368068,279,4.842703930764629e-05,129.41572508038752,278,0.0005483498674999869
129.81505913005128,129.82175702572283,280,5.159301356723354e-05,129.94177278444428,280,0.0009751571929313405
130.0146593906058,130.0261882001642,281,8.86652890312494e-05,129.94177278444428,280,0.0005609174370925879
130.2171325344273,130.21946784368618,282,1.7933641548015774e-05,130.13631021155712,281,0.0006210589706960868
130.67515217512775,130.6767564285587,283,1.2276501765007198e-05,130.8007945131221,283,0.0009605624985844049
130.75602941667393,130.75817579890378,284,1.6414898852319838e-05,130.8007945131221,283,0.00034223871968669845
130.80787412640626,130.8100708735018,285,1.6793409565911625e-05,130.8007945131221,283,5.412515505364108e-05
130.93060924688066,130.93266125795446,287,1.567226278061939e-05,130.9132614138735,285,0.00013251394717239969
131.37974719089792,131.3803955376742,289,4.9348822068931785e-06,131.4813715132896,288,0.0007729180280219391
131.4668365289163,131.48048986279093,291,0.00010384304081067219,131.4813715132896,288,0.00011054786093264437
131.68471962475448,131.6924098765378,292,5.8395558183845336e-05,131.5926467047372,291,0.0006996813448388407
131.8216842994727,131.83425383559188,293,9.53434767784126e-05,131.80863268775138,292,9.901939998301907e-05
131.9812062187473,131.98471222532663,294,2.6563732421853164e-05,131.94682720887607,293,0.00026055200112396306
132.04496992014757,132.05475788216341,295,7.412047981325686e-05,132.10684407165527,294,0.0004683644662206013
133.03168334416162,133.03466921823014,296,2.244433038440694e-05,133.15051199705314,296,0.0008924385727795975
133.1447438666364,133.15586637272924,297,8.352997427625222e-05,133.15051199705314,296,4.332037729514823e-05
133.50801296355468,133.51134571780761,298,2.496232986806945e-05,133.63515866107136,298,0.0009514389685363511
133.60321413551054,133.6039431585681,299,5.456598363116587e-06,133.63515866107136,298,0.0002390428228684619
133.82260277169897,133.82612984462645,300,2.635563721059367e-05,133.71612826299256,299,0.0007962727465231323
133.95818601327517,133.96720482228017,301,6.732102096900107e-05,133.9491049226031,300,6.779508289586554e-05
134.49413796049285,134.4977022926571,302,2.6501063612890714e-05,134.62467135266266,302,0.0009696097368948382
134.56243751605396,134.5627230886377,303,2.1222265512645915e-06,134.62467135266266,302,0.00046227660935691466
134.8797624819207,134.8842899013041,305,3.356520901522522e-05,134.99582279482772,305,0.0008597326236043408
135.01472070260226,135.01855713158352,306,2.8414086646773353e-05,134.99582279482772,305,0.00013998883360462341
135.30675336489102,135.30830372654577,307,1.145799342724574e-05,135.42637510805244,307,0.0008832972385620959
135.35590341802717,135.36474574383988,308,6.532222081989419e-05,135.42637510805244,307,0.0005203690194693968
136.15666324176723,136.16132452284404,309,3.42335174333936e-05,136.29199509470575,309,0.0009929552564292715
136.3806483786795,136.3854766155099,310,3.540140013600769e-05,136.29199509470575,309,0.0006504658172487564
136.50083276330142,136.51161082766697,311,7.895346264105955e-05,136.50514692233668,310,3.160436901119154e-05
136.98290620415943,136.98799041103092,312,3.7114252543102754e-05,137.11710237689582,312,0.000978697554208183
137.14886308731704,137.15024588550722,313,1.0082360270303481e-05,137.11710237689582,312,0.00023163201286097168
137.34115519927215,137.35646857271104,314,0.00011148636535293318,137.26689408798822,313,0.0005409979717056166
137.78363444403473,137.78562554529748,315,1.4450718315978913e-05,137.9071743026449,315,0.0008958189393327524
138.52516045355765,138.5430146098659,316,0.00012887085183282092,138.6663669453005,316,0.0010183182472686472
138.6416185872745,138.64803152484058,317,4.625336180787725e-05,138.6663669453005,316,0.0001784741215276133
138.7606614117366,138.76907900721483,318,6.065901379790399e-05,138.7843659545467,317,0.00017080124729508534
139.29528778851096,139.3075744581057,319,8.819814459147495e-05,139.43062984827208,319,0.0009706766720367939
139.89115715336123,139.88941801538647,320,1.2432233970514823e-05,140.03015936608963,320,0.0009926591054216945
140.52027995017116,140.52263580068524,322,1.67649183397035e-05,140.65679621132514,322,0.0009705628510753332
141.24453367288376,141.25219021680152,323,5.420478015958339e-05,141.37808803146999,323,0.0009446609474340574
141.515558233368,141.519144320948,325,2.5339946741359445e-05,141.61783490609164,324,0.0007222019231649308
141.7034890623902,141.70543809833129,326,1.3754136519042606e-05,141.64626403510857,325,0.00040399955248684755
141.96024125126678,141.96302320425804,327,1.959632112971819e-05,141.85232948013447,326,0.0007607331619282308
142.15148201704054,142.15447299590681,329,2.1040342968070477e-05,142.09850654303827,327,0.0003728080983470558
142.9236604522609,142.93804525049268,331,0.0001006365954325122,143.072144014606,331,0.0010378230043855492
143.80840586202825,143.81320736470337,332,3.338707732833747e-05,143.95931946880663,332,0.0010483073088649502
143.94659103497796,143.95652262525817,333,6.899020689789113e-05,143.95931946880663,332,8.841687968265208e-05
144.2332217304678,144.2480332073984,334,0.00010268061616702792,144.09650460512327,333,0.0009487886310578622
144.42663812398627,144.42773146386708,335,7.5701520042509936e-06,144.3727136083006,334,0.000373509054016832
144.5133071356323,144.51753732685216,337,2.9271127214878373e-05,144.56105435002368,335,0.00033029099439039214
144.5924865479154,144.59428585272917,338,1.2443816871194772e-05,144.60266765162277,336,7.040744042077913e-05
144.71507243923378,144.73065379505584,340,0.0001076576068268725,144.74754022781948,338,0.00022430632351060542
144.75625573420697,144.7603423542634,341,2.8230245866825454e-05,144.75704613295255,339,5.4601745938717505e-06
144.94014894479545,144.95489605918908,342,0.00010173588333026697,144.90548697455998,341,0.00023920398708960654
145.04105589187114,145.05618201900643,344,0.00010427771450173308,145.09320244347288,342,0.00035940037661001434
145.40456571904514,145.4052334513725,345,4.592216604056128e-06,145.5382570522591,345,0.0009185992461484202
145.86077128525787,145.86540659386355,346,3.177798433450087e-05,146.01553555243333,346,0.0010599164437532808
146.25902047105944,146.2609698362545,347,1.332799308825947e-05,146.4015919231767,347,0.0009738381273345714
146.36179871986602,146.36673596581034,348,3.373202190880576e-05,146.4015919231767,347,0.0002718085424342602
146.7935715405383,146.7999979565958,349,4.377667675041735e-05,146.93461549700217,349,0.0009599096576854803
146.84212187005198,146.85561545161374,350,9.188332036378165e-05,146.93461549700217,349,0.0006294883383151748
146.90078769222544,146.90814565333716,351,5.008545359414756e-05,146.93461549700217,349,0.00023022352263496964
146.9971861354477,147.00864854766002,352,7.797100596165592e-05,147.01201367706733,350,0.00010085938726211306
148.00691502480743,148.0131002310498,354,4.1788235181365756e-05,148.12652902456102,353,0.0008075123378727332
148.39065920609193,148.39728172085506,355,4.462692770609177e-05,148.54089338264185,355,0.0010113994411150187
148.4959001186186,148.49833527722166,356,1.639855826331701e-05,148.54089338264185,355,0.0003029015310103511
148.79889346979968,148.8055663929901,357,4.484323639344881e-05,148.95860252902844,357,0.001072170767697935
149.19109084825652,149.19409813504808,358,2.0156875031582482e-05,149.33914297565678,358,0.0009913819274053022
149.42547735807995,149.43912956157067,359,9.135628353012279e-05,149.33914297565678,358,0.0005781095344656802
151.04566981256608,151.05405655819385,360,5.552148561163207e-05,151.21601479527436,360,0.0011265009393278218
151.13242372116352,151.15027618850996,361,0.00011811071601469454,151.21601479527436,360,0.0005527924686020385
151.69217206424264,151.70287070424428,362,7.052364897229343e-05,151.85855592556726,362,0.001095650227348209
151.76455205073194,151.76735889826665,363,1.8494408515045386e-05,151.85855592556726,362,0.000619022578361661
152.2383172422101,152.24753891524227,364,6.057026010332009e-05,152.4066986947225,364,0.0011048166120945654
152.5168987349717,152.51738756703935,365,3.205090746986797e-06,152.4066986947225,364,0.0007230655948393211
152.56604901083927,152.56733531521684,366,8.431060127744685e-06,152.66774940967886,365,0.0006661550932193764
152.72509716975352,152.73980028529604,368,9.626250338846513e-05,152.71940329772212,366,3.7283226024009366e-05
153.36671018916388,153.36931937223716,369,1.7012418676401866e-05,153.54367245092394,369,0.0011525207059028396
153.46114763227217,153.46636055411176,370,3.39678468998954e-05,153.54367245092394,369,0.0005374680527987206
153.5873074872302,153.58934129536374,371,1.3241857256458539e-05,153.6191445728188,370,0.00020724686156241818
153.87411549715964,153.8842027054758,374,6.555064222840833e-05,153.78035804669295,372,0.000609684173307847
154.13428686186208,154.13982171990477,375,3.590803454250377e-05,154.03693873990986,374,0.0006319790742959017
154.1999997248582,154.21160126427367,376,7.523130114954303e-05,154.28940448777183,375,0.0005794614556355795
154.81492358839128,154.81950039958872,378,2.9562239805873993e-05,154.9884980827488,378,0.0011199185520518575
154.98666145005683,154.9913857622389,379,3.0481127443587444e-05,154.9884980827488,378,1.1850122523256589e-05
155.19597227573976,155.20712241167797,380,7.184036251012895e-05,155.15884104422994,379,0.00023931109087901276
155.60495415862522,155.60725742979662,381,1.4801823574576137e-05,155.770918580578,381,0.0010654390656812003
155.85621287306822,155.85806150608306,382,1.1861003511664264e-05,155.770918580578,381,0.0005475623644479078
155.9925152209349,155.9973159703303,383,3.077456407207281e-05,156.01716212881703,382,0.00015797561977046632
156.32498495188784,156.3313850410197,385,4.0939246653378056e-05,156.4612647473449,384,0.0008710129991414973
156.54951285340593,156.56716001774242,386,0.00011271306405822921,156.5064150223388,385,0.0002753742142835713
156.64532904164182,156.6511574419468,387,3.720623837163615e-05,156.73090866178728,386,0.0005460289924697658
156.86092660586212,156.8624468072419,388,9.691302225090437e-06,156.8169935308687,387,0.00028015506485762695
157.8371940111555,157.82168225904854,390,9.828657181273028e-05,157.98919920420602,390,0.0009621239541447501
158.3278156429714,158.3341896671172,393,4.02567768793337e-05,158.51008196820302,393,0.0011498721278069865
158.40428245212573,158.41292929474542,394,5.458419750327853e-05,158.51008196820302,393,0.0006674623769264142
158.5348064650437,158.55251770035176,396,0.00011170579669723453,158.51008196820302,393,0.00015598059463259645
158.67248144334516,158.68805087197967,397,9.81134278791239e-05,158.7218046570665,396,0.000310752601559178
159.38215573573822,159.39090582416196,399,5.489703680705332e-05,159.55323005882445,399,0.001072208459980149
159.89228846573636,159.9099888419957,400,0.00011068962225262205,160.10008183120135,400,0.0012978966849253528
159.9526179445597,159.96207418331892,401,5.9115504768814324e-05,160.10008183120135,400,0.000921073149713449
160.47872677333203,160.48260793583182,402,2.4184318473604433e-05,160.64929891218955,402,0.0010617670915000817
160.76350963424937,160.77785641382695,404,8.92335542815789e-05,160.6965544215746,403,0.0004166561810598544
161.07611047136368,161.08492909811326,405,5.474520055328007e-05,160.96399227036758,404,0.0006965421235810979
161.23093076243646,161.23532370350773,406,2.7245525176304504e-05,161.25785426162545,405,0.00016695930447713353
161.30124054049918,161.315497064961,409,8.837665767519526e-05,161.25785426162545,405,0.0002690490895614655
162.39644480299773,162.39964615018852,410,1.97127719590045e-05,162.58620735243863,410,0.0011671503538399847
163.0713086915476,163.0883792895906,411,0.000104670842382127,163.2690357490123,411,0.0012110505617772744
163.62202642711364,163.62566375760065,412,2.22295843052963e-05,163.81441773834229,412,0.0011744467543507075
164.03572343955597,164.03661789238618,413,5.452763179964457e-06,164.21425612994628,413,0.0010871936127703544
164.1243177220434,164.12602005384213,414,1.0372101865181388e-05,164.21425612994628,413,0.0005476894029937788
165.25411335842304,165.2658576025969,416,7.106273699976931e-05,165.4562843125709,416,0.0012218995185816913
165.36813710494886,165.38146864458253,417,8.061084317928571e-05,165.4562843125709,416,0.0005327522492618429
165.5338053277991,165.53622784464977,418,1.4634360600263304e-05,165.5705218205933,417,0.00022175742632502975
165.60664043874786,165.62699946933333,419,0.00012292096488312636,165.5705218205933,417,0.0002181464294331526
165.67804587723452,165.68159703454398,420,2.1433625538502852e-05,165.74443996857931,418,0.00040058110762193155
165.90757274781635,165.91279546422533,421,3.1478683692639706e-05,165.88855949571226,420,0.00011461460731159966
166.06473448938542,166.07198787181073,422,4.3676134176928676e-05,166.10480681957998,421,0.0002412472640727829
166.54414077573617,166.54936739908635,423,3.138182649267275e-05,166.7481646706688,423,0.001223545070709462
166.70901387003443,166.71439074908778,424,3.2252039126307834e-05,166.7481646706688,423,0.00023478999431095405
166.84803595218239,166.8653286301497,426,0.00010363254073968447,166.9124211949336,424,0.0003857426684620791
166.94151809556718,166.9470614362536,427,3.320418244397805e-05,166.9124211949336,424,0.00017432435779964073
167.2056590956262,167.21864909750275,428,7.76827342324189e-05,167.15394468427456,427,0.0003093819380052275
167.3520624438738,167.3548258464519,429,1.6512237183003927e-05,167.40335469023165,428,0.0003063991546213229
167.6293703347416,167.6444437263761,431,8.991286140746865e-05,167.62138570922045,430,4.7634885533029044e-05
167.90415537981892,167.90713844029193,432,1.776613252255768e-05,167.82088454947893,431,0.0004961887226582527
168.13826367664518,168.14431248136918,433,3.597388835065738e-05,168.09609715940505,432,0.0002508476874400417
168.41741571663667,168.42369421120338,434,3.7277976807951164e-05,168.34826419031143,433,0.0004107647124122971
168.6395271512897,168.65878231810052,435,0.00011416640477393987,168.6264118864265,434,7.777704996800911e-05
168.9453708468606,168.94814787244314,436,1.6437147240160035e-05,168.8663813435881,435,0.0004677633442727238
169.43894876908263,169.44675868477515,438,4.609067622856112e-05,169.64521009080505,438,0.001215839348555837
169.5438557637319,169.55217025572932,439,4.903795678276526e-05,169.64521009080505,438,0.000597448799284706
169.99856959747248,170.00245241048793,440,2.2839747076565147e-05,170.2009868312737,440,0.0011892835498179396
170.4658284757072,170.47363898177633,441,4.58165034533872e-05,170.6839743720689,441,0.0012780689995309492
170.53919853611043,170.55494325620384,442,9.23146511781678e-05,170.6839743720689,441,0.0008482098948719282
170.88801478777432,170.9093237574574,443,0.0001246799718973588,170.75664892386337,442,0.000769316244719295
172.0750731052433,172.07601504132015,445,5.473953337598646e-06,172.2783558896126,445,0.001179967055754669
172.1796078200047,172.20199396630386,446,0.00012999934427907796,172.2783558896126,445,0.0005731890642791747
172.6537585325848,172.66527763689305,447,6.67134959959195e-05,172.86122370518117,447,0.0012001834081090549
172.81001594354274,172.82620289696763,448,9.366029660758227e-05,172.86122370518117,447,0.00029623625553972394
172.92941546020464,172.94949127847843,450,0.00011607908254248725,172.86122370518117,447,0.00039448844316736757
173.01114252344783,173.03080080670554,451,0.00011361146781995533,173.0510791066483,448,0.00023077916304618755
173.10878442446503,173.11455182036076,452,3.3315488704356356e-05,173.1563837224272,450,0.00027489196146800827
173.2482202529301,173.25028083902475,454,1.189369555226178e-05,173.2379023826989,451,5.9558965383983096e-05
173.42294669883387,173.4233137578396,455,2.1165493714297693e-06,173.43656788449363,453,7.85369880521959e-05
173.65614788520693,173.66647334431576,456,5.9455684853781696e-05,173.6276190616968,455,0.00016431039983328722
173.73478230428657,173.74672480775826,457,6.873512858962186e-05,173.6276190616968,455,0.0006172015902129252
173.9143589329365,173.9205360215479,458,3.5516729379384245e-05,173.88501692450257,456,0.00016874374200204141
174.36975929269937,174.38075826166016,459,6.307444164388467e-05,174.59734437841044,459,0.0013034853795818179
174.47909716872138,174.4828081449183,461,2.1268434617531038e-05,174.59734437841044,459,0.0006772566335990669
175.2590941110749,175.2768348720793,462,0.0001012156627391853,175.50130674209095,462,0.0013801186755378657
175.32739530795234,175.34137248935508,463,7.97141097066838e-05,175.50130674209095,462,0.0009909409642982056
176.10447255262062,176.10928932564542,465,2.735104458852773e-05,176.3323907507452,465,0.0012925486755677458
176.16229074346265,176.16404442431963,466,9.954817185933047e-06,176.3323907507452,465,0.0009646554813799768
176.287049741316,176.28960312341997,468,1.4484019810181875e-05,176.3323907507452,465,0.0002571337531133788
177.4501835699889,177.47131678850656,469,0.00011907962875401522,177.6903386580746,469,0.0013515371173209324
177.51332563226967,177.519401798145,470,3.422817908228993e-05,177.6903386580746,469,0.0009961882404060313
177.60393213924934,177.6101189846264,471,3.483385638409676e-05,177.6903386580746,469,0.00048627584075654787
177.76624670177668,177.76946590406732,472,1.8108859551698515e-05,177.74838993790348,470,0.00010046090363707907
177.88232622121168,177.895911816521,473,7.636822662524386e-05,177.8376106457227,471,0.0002514404873447893
178.11459874380276,178.1177761608174,474,1.7838854061292538e-05,178.1268804348851,473,6.894911678883652e-05
178.55252656406324,178.55512331552092,475,1.454313608848288e-05,178.36470881896614,474,0.0010529983556765983
178.6500052948819,178.65481593037902,476,2.692698471102472e-05,178.8045186284483,475,0.0008641466935602127
178.84838842508478,178.85538936128484,477,3.914299829073544e-05,178.8045186284483,475,0.0002453506039611439
178.94579211099554,178.96051382064093,479,8.226233447306855e-05,178.9003856636524,476,0.00025380854923648985
179.02254419214776,179.02898393725832,480,3.597040528818361e-05,179.0842347295147,477,0.0003444777674601256
179.33634729533736,179.34608901193928,481,5.431797624131169e-05,179.26252235905548,480,0.00041182582566819104
179.70775977109525,179.71142090140557,482,2.037227401550955e-05,179.56590401385353,481,0.0007899927217295345
179.80107177384394,179.8173856359869,483,9.072460977711137e-05,179.9417349945651,482,0.0007817153742872064
180.15605031186456,180.1669488569342,484,6.0491367250110104e-05,180.04753534830843,483,0.0006027017439933633
180.36149109910832,180.36878554555778,485,4.044184489794402e-05,180.38215734110767,484,0.0001145692140729318
180.58188292391435,180.58641449823148,486,2.5093661279661934e-05,180.61522180898305,485,0.00018458513482302405
180.7344615182742,180.75727120423994,487,0.0001261895901270101,180.81162323649963,486,0.00042675198001236554
180.8983344317913,180.90600409471818,488,4.2395845097859635e-05,180.983434160728,487,0.0004702072835081004
181.16364987115148,181.1715632236464,489,4.367877802732974e-05,181.14683811741992,488,9.280732640037631e-05
181.2510024404342,181.26743899124335,490,9.067569388421947e-05,181.14683811741992,488,0.0005750270007294773
181.67088884052555,181.67543978235193,491,2.5049846208340243e-05,181.49083804538716,490,0.000992065478772862
181.7848904982652,181.80402399448883,493,0.00010524242425017468,181.90033297048356,491,0.0006346468438685064
182.8092701770155,182.8146936028141,494,2.966624668791556e-05,183.05056570612913,494,0.0013181905676326645
182.9047093560206,182.91492582458494,495,5.585366267020285e-05,183.05056570612913,494,0.0007968090650028582
182.97861797719122,183.01005729833128,496,0.00017179012784420523,183.05056570612913,494,0.00039304838343640904
183.3893914431009,183.40684420607755,497,9.515873331886142e-05,183.23922868117526,496,0.0008194902532956086
183.47737365435916,183.4879443719156,498,5.760987509360043e-05,183.65465269232203,497,0.0009652847633534925
183.7207107272992,183.7306955497379,499,5.434487911135691e-05,183.73908377843895,498,9.99953344814876e-05
184.15169042647614,184.16208226797676,500,5.6427693326681915e-05,183.97956279902672,499,0.0009355801526577146
184.29641188775585,184.29779833621524,502,7.522870440676608e-06,184.40914059988935,500,0.0006112967706849703
184.8836665246595,184.9030772410066,503,0.00010497778964379091,185.14552595258093,503,0.0014143438064416908
185.5632483921532,185.5657843086483,504,1.3665862510834283e-05,185.81068132830436,504,0.0013316400025139515
185.6745258955581,185.67536398756226,505,4.513749084208033e-06,185.81068132830436,504,0.0007327642941348472
185.93154613665047,185.95690445822038,506,0.000136366657875875,185.91591485099593,505,8.407717901430533e-05
186.13566906399947,186.13988336647157,507,2.2640513123110557e-05,186.19990469790667,506,0.0003449820987364044
186.39654054343524,186.4046591172392,508,4.355349186228715e-05,186.3978602882056,507,7.080257081973821e-06
186.61520189659691,186.6299579854919,509,7.906602484543843e-05,186.6439567344094,508,0.00015406251729536938
187.17508035235767,187.17973316416965,510,2.485745509583924e-05,187.44021525095297,510,0.001414503809869896
187.2550615143938,187.26027893842303,511,2.7861883250509535e-05,187.44021525095297,510,0.0009878015574795137
187.46926807940184,187.48235528323124,513,6.980498943289432e-05,187.44021525095297,510,0.00015499783976438315
187.8160075004048,187.83322813749942,514,9.1680461787188e-05,187.74259875687537,513,0.0003910073899876638
187.95022051037188,187.9726323567429,517,0.0001192293052985188,188.1028725439611,514,0.0008115348347673113
188.1400515903752,188.15387003737214,518,7.344226825731154e-05,188.10429383571218,515,0.00019009536642610744
188.26048879746705,188.27522363070756,519,7.826220017888179e-05,188.22423735838518,517,0.0001925970830889439
188.51441021194313,188.52895120308443,520,7.712869057251025e-05,188.53668846971408,519,0.00011816404516157714
188.60865883194765,188.63227357574476,521,0.0001251893080089968,188.53668846971408,519,0.00038173133737379997
188.90864654116007,188.91170858486424,522,1.6208861415281856e-05,188.88646068998034,521,0.00011745601616275509
189.0656365894726,189.06943956469024,523,2.0114171948647016e-05,189.1616760543353,522,0.000507711006087184
189.22302370608497,189.2294016723523,524,3.370494337016525e-05,189.1616760543353,522,0.00032431332302248827
190.02341194899859,190.0302348274215,525,3.590417298131365e-05,190.29888739908122,525,0.0014475935926253239
190.10992751965443,190.11686522332013,527,3.649178444821e-05,190.29888739908122,525,0.000992963658429156
190.32868307319313,190.33241381296284,528,1.9601179299779563e-05,190.31395474796878,526,7.738962307760652e-05
190.48361059797546,190.50528182029007,529,0.00011375654316530772,190.38512447208964,527,0.0005172994799824878
191.31674096949595,191.3404012421057,530,0.00012365539350898735,191.62180970136959,530,0.0015920355430786427
191.41243577492477,191.41547500320564,532,1.5877651902586313e-05,191.62180970136959,530,0.0010926414209901667
191.7865914430803,191.79431623546196,533,4.027644058110616e-05,191.70651047571818,532,0.0004177269053795596
191.94141974219394,191.94411526348728,534,1.404326092327883e-05,192.0703921675042,533,0.000671485197977705
192.29442318329043,192.3008066507059,536,3.319521912911e-05,192.24400939300696,535,0.000262238550073151
192.4483103004875,192.4574954118874,538,4.7725402329787265e-05,192.5912723573762,536,0.0007423080762633042
192.5764074907891,192.60236882793157,539,0.00013479240832004299,192.5912723573762,536,7.718349022330497e-05
192.68347503601439,192.68842920351068,540,2.5710767983174707e-05,192.7297681174075,538,0.00024019684060905266
193.28368362281122,193.28533581507338,541,8.54794418412138e-06,193.5532399790821,541,0.0013926729219309389
193.6612434204091,193.6618626598667,544,3.197529183531032e-06,193.61023965836748,543,0.0002634352507988695
193.90002246118266,193.90655652531012,545,3.369697365860661e-05,193.92928437260488,544,0.00015088959626129793
194.20611643566633,194.22056207853717,546,7.43775155227802e-05,194.17385349228795,545,0.0001661549317692556
194.2808292714361,194.2905092282956,547,4.982207776366648e-05,194.17385349228795,545,0.0005509278269146179
194.48059934945906,194.4899983905733,548,4.8326603897516925e-05,194.4789108460784,546,8.682192703070158e-06
195.04982701435168,195.05669401372495,551,3.520514590896035e-05,194.82328021376773,549,0.0011628322874728861
195.6942535183787,195.69731132730078,552,1.562519638793346e-05,195.97782180410744,552,0.0014469406952189658
196.02360685400495,196.0441074294955,553,0.0001045712404180842,195.97782180410744,552,0.00023362362881695242
196.26179182084644,196.26917934041467,554,3.76397333144861e-05,196.31423077427658,553,0.00026711743322589416
196.4895138984325,196.51475528823676,555,0.0001284452649228698,196.55029997851386,554,0.000309264753541469
196.6727149619823,196.69648227897193,556,0.00012083244557424721,196.79394847095276,555,0.0006160428707915401
197.0526349784284,197.0657161744628,557,6.637986702283392e-05,196.95747675138662,556,0.0004831409734288985
197.1219177620305,197.12423700048936,558,1.1765364290779049e-05,196.95747675138662,556,0.0008349061602340331
197.62025670901278,197.6328322246511,560,6.363070091530808e-05,197.44545710472357,559,0.0008853057793904729
198.02526284255129,198.03830781226816,561,6.587094113750421e-05,197.9274333458813,560,0.0004942695159343029
198.13740885124926,198.15061843919807,562,6.666437911149386e-05,198.33014194301504,561,0.0009717791248349478
198.48228143978224,198.4857778199691,563,1.7615268082416563e-05,198.4514687346005,562,0.00015526569482311313
198.53783015196623,198.5397285991342,564,9.562051793711683e-06,198.4514687346005,562,0.0004351765089792931
199.06341801040924,199.06819998400994,566,2.4021785504084e-05,198.87306678704383,565,0.0009571493336965637
199.25350280506055,199.28992239390755,567,0.0001827467661661845,199.3721832475415,566,0.0005952708173617012
199.93498217525251,199.9586395508888,568,0.0001183113452332485,200.2507701369241,568,0.0015769625328065637
200.3514259797445,200.36241153149638,569,5.482840652547017e-05,200.2507701369241,568,0.0005026489673501724
200.4953469138491,200.50131922420366,570,2.9786888074719824e-05,200.64820869920393,569,0.0007618397709396069
200.72999436499293,200.75968917972767,571,0.00014791223704354022,200.8086968423378,570,0.0003919276335260943
201.27185705342308,201.264468678421,572,3.670978315544051e-05,201.06678332389518,571,0.001019928434412493
201.65526837759637,201.66321365602926,575,3.939874947365006e-05,201.57475934221313,573,0.00039940037952154516
201.85049773996647,201.85476141437954,577,2.1122486203408367e-05,201.92362696968402,574,0.00036216281776936754
201.94968169263294,201.96598818716194,578,8.073881486368553e-05,201.97153219451613,575,0.00010818604803249917
202.28613749083829,202.29097144450634,579,2.3896042584285432e-05,202.27597041194542,578,5.026340435869454e-05
202.47078963445261,202.47628289041415,580,2.713036748364545e-05,202.58751075235284,579,0.0005761515972369534
202.57608314424917,202.5932100645917,581,8.453847163515126e-05,202.58751075235284,579,5.640825567792694e-05
202.9881879502754,202.9965360083337,582,4.112414045304659e-05,202.89913054218997,581,0.0004389245426900418
203.0528990530896,203.08423326363481,583,0.00015429169483850745,202.89913054218997,581,0.0007578569237271834
203.12169247927176,203.12971862725965,584,3.9512426060212485e-05,203.3102039569992,582,0.0009272110993864139
203.20390562247061,203.21205419209446,585,4.0098849727383435e-05,203.3102039569992,582,0.0005228381677836056
203.28665161330133,203.30481082483033,586,8.932012703153439e-05,203.3102039569992,582,0.00011584437593134185
203.41237294797844,203.43295803616195,587,0.0001011885605077317,203.4455254611914,584,0.00016295523402549581
203.50132348028356,203.50605904909588,590,2.3269915571306833e-05,203.52702929960233,585,0.0001263017467863339
204.90450798106954,204.9084073666649,593,1.902989557857932e-05,205.23008308804484,593,0.001586390757516868
205.2263471334806,205.23200840368844,595,2.7584733258092007e-05,205.23008308804484,593,1.8203737522397454e-05
205.3169616353741,205.32653450717152,596,4.662267261459323e-05,205.2512835896698,594,0.0003199884773222145
205.4637561051776,205.46715196388288,597,1.6527501709306227e-05,205.57554425215676,595,0.0005437813499938852
206.22996540507845,206.23210624533783,600,1.03807321680531e-05,206.54755598666728,600,0.0015376148125874312
206.2900707668937,206.2966756758048,601,3.201655523271762e-05,206.54755598666728,600,0.0012466147011208964
206.43403574524655,206.46023025642864,602,0.00012687436776353292,206.54755598666728,600,0.0005496082530652539
206.5870941582273,206.58820889785147,603,5.395949895292755e-06,206.61795483661564,601,0.00014936106793206596
206.7173302398516,206.72915355253872,605,5.719228509349273e-05,206.78623180342746,602,0.0003332018915134919
207.4614570985511,207.48224967496577,606,0.00010021376019990434,207.81053774665958,606,0.0016798024387677144
207.8466725825762,207.87365904088847,607,0.0001298214426820256,207.81053774665958,606,0.00017388355907468303
207.92075093579967,207.93698446623847,609,7.806947128942495e-05,207.81053774665958,606,0.0005303541886526342
208.24830998703246,208.27418435647098,610,0.00012423224471373156,208.2513953134018,609,1.4815393504024602e-05
208.3828712320646,208.4051307385878,612,0.00010680882204920212,208.2513953134018,609,0.0006313327143135831
208.4673718144896,208.49909797214013,613,0.00015216448396704256,208.6130211559322,610,0.00069817953182179
208.52893457139092,208.54136783173573,614,5.962011505956303e-05,208.6130211559322,610,0.0004030744776876399
208.7854279677007,208.7890226294566,615,1.72167181522626e-05,208.81906189452062,613,0.000161067320745325
208.96205122319523,208.98072063486705,616,8.933556940136243e-05,208.8740651555998,614,0.0004212397912105209
209.09376785417822,209.10350867977758,617,4.6583750128595745e-05,209.11998537757103,615,0.00012537072124151868
209.3099714812011,209.32182107525114,618,5.660945423255181e-05,209.291351196353,616,8.896824805073976e-05
210.36632275430046,210.3761440368039,619,4.6684392607434135e-05,210.7104121453043,619,0.0016329966208151444
210.5626096951142,210.56631242051776,620,1.7584604873432937e-05,210.7104121453043,619,0.0007014482515851648
210.98107744052624,211.00439817422216,621,0.00011052250046783331,210.89814634834275,620,0.00039322817018271874
211.53953162794141,211.5648354453561,622,0.00011960313424211033,211.34371514381576,621,0.0009265309072115431
211.71548670003526,211.72091425092054,623,2.5635402645457795e-05,211.89167802103825,622,0.0008315160021786943
211.89228874323055,211.90871942041366,624,7.753657908956485e-05,211.89167802103825,622,2.882237745294177e-06
212.02519709104962,212.02871761573596,626,1.6603999335209545e-05,212.0759607248782,623,0.00023936533709464244
212.17096830948157,212.18665350827803,627,7.392170307191134e-05,212.24789345798726,624,0.0003624306807121306
212.29709580994972,212.32612584206066,628,0.00013672378750287438,212.24789345798726,624,0.00023181550196258138
212.60415173502435,212.60999975883954,630,2.7505873768042175e-05,212.64403257329016,628,0.00018754741331417627
212.854218176883,212.88196726496165,631,0.00013034964133017674,212.91144856475574,629,0.0002687990160160096
213.2954522598388,213.32142207898357,632,0.00012174032449093233,213.2243158342605,631,0.0003336224825015319
213.535396644179,213.55161409188548,633,7.594158337526306e-05,213.66383071972376,632,0.0006011034956741705
214.45026134185568,214.4579781321027,634,3.598276135139788e-05,214.81989405290156,634,0.0017206633150785152
214.98188277398083,214.9962725968843,638,6.693056921246416e-05,214.82152678970036,635,0.0007464614309228514
215.24838401529098,215.25320378214025,639,2.239115035028397e-05,215.26497647204005,636,7.707922125093776e-05
215.49207154985822,215.49325895601845,640,5.51017774745985e-06,215.61693009239033,639,0.0005790757825863145
215.6983000064929,215.7268304320703,641,0.00013225255996325732,215.61693009239033,639,0.0003773818413410307
215.92820997818455,215.94249404135326,642,6.614753262026703e-05,215.84474122345387,640,0.0003867073816928309
216.18607119485392,216.18870376927543,643,1.2177206188909e-05,216.2943955975795,642,0.0005008192765526462
216.305302750431,216.31242939815024,645,3.294608515597204e-05,216.2943955975795,642,5.0427348435761957e-05
216.5125883398684,216.52025057976732,646,3.538809824216196e-05,216.5459603263663,643,0.00015411040892942624
216.62762127772876,216.65034034739506,647,0.00010486514643764147,216.6637111797761,645,0.00016657105082720276
216.8164588291936,216.82611205796422,648,4.4520600766185416e-05,216.8749403945965,646,0.00026965570709319784
216.8942227190342,216.90399537907854,649,4.505523297193528e-05,216.8749403945965,646,8.890987775073963e-05
217.1028802219496,217.1229534909084,650,9.245116021163241e-05,217.19625881893424,648,0.00042992728094131115
217.2190082288838,217.21946570738902,651,2.1060658800608686e-06,217.19625881893424,648,0.00010474126061505369
217.29509512198487,217.30124532755957,652,2.83026706332385e-05,217.27227858376702,649,0.0001050135726774571
217.40992346204442,217.42068367866307,653,4.9490308081969924e-05,217.49127401838692,650,0.0003740405527056787
217.6839927704106,217.70497668802687,654,9.638694500922369e-05,217.670911179593,652,6.0098020202741274e-05
218.00075279008513,218.03696502783748,655,0.00016608302059115804,218.0684599543667,654,0.00031048581851647025
218.0887446968582,218.1232616409053,656,0.00015824513070003988,218.0684599543667,654,9.302006578929866e-05
218.77329144150877,218.79562269345672,657,0.00010206443654146387,218.48045698299336,656,0.001340323352299695
219.03956607923598,219.0446689115467,658,2.329585255860503e-05,219.15618857663642,657,0.0005321432999810571
219.22588584677305,219.22980154521008,659,1.7861159429180273e-05,219.15618857663642,657,0.00031802556245066676
219.4638208540695,219.47567985862855,660,5.403334240356517e-05,219.44780539904116,658,7.298070262865335e-05
219.55627784135672,219.59235399241868,661,0.00016428691803726465,219.63302470305632,659,0.00034943224864915373
219.60032143550225,219.59235399241868,661,3.628288024931599e-05,219.63302470305632,659,0.00014889959102591273
219.77856263975642,219.78173964677103,668,1.4455281952539773e-05,219.8546168343345,660,0.0003459294859175055
219.9452905135794,219.94957545165397,670,1.9481456446384716e-05,219.94451676771965,661,3.517913840868573e-06
220.11902347594224,220.12119194422718,671,9.851247241496288e-06,220.1534280525356,668,0.00015627545252275523
220.5378953603447,220.54667421970737,672,3.980499544478668e-05,220.48999193765746,671,0.00021725894343890094
221.57495295235645,221.604283079908,673,0.00013235361313371254,221.96782480293268,673,0.0017699495452776855
221.6446784994705,221.6553584762466,674,4.8182804374808345e-05,221.96782480293268,673,0.0014558249771068244
222.06877581706908,222.10194178279585,676,0.00014932767116102494,222.06400479649807,675,2.148488934703944e-05
222.48090092545377,222.48557954890816,677,2.1028884046695545e-05,222.4838112904859,676,1.3081244047622525e-05
222.94231482226118,222.95740127819556,679,6.766519455237113e-05,222.88579332732746,678,0.0002535894912364923
223.10438626250058,223.13571968813523,680,0.00014042317240124213,222.88579332732746,678,0.0009807396510557198
223.2512224995222,223.27156501809293,682,9.111110305992708e-05,223.35037283209113,679,0.0004439228433410743
223.81345161540906,223.8267495041339,684,5.941152589796156e-05,223.70868420634122,683,0.000468320706634764
224.1402327852145,224.16716532152572,685,0.00012014487613559258,224.20210987583758,684,0.0002759879943027848
224.43241064551003,224.45600145751058,686,0.00010510216633710617,224.55551249181934,685,0.0005482022905752332
224.62887117761457,224.63445103642965,687,2.483972867624503e-05,224.55551249181934,685,0.00032668396772446195
224.91633945118244,224.94699222183743,689,0.00013626663931903867,224.82911678971857,686,0.00038795091449586583
225.165674773211,225.18162714436914,691,7.08422412629087e-05,225.2911916359437,688,0.0005571316917508366
225.4912065533963,225.49726659031865,693,2.6874103681971338e-05,225.54015609059135,690,0.00021703247015310005
226.14858159501782,226.15409603457164,694,2.4383549316646976e-05,225.9130786371911,693,0.0010424494201370911
226.76804712599323,226.77537416497552,696,3.230967652136721e-05,226.58366620121285,695,0.0008137432316795912
227.12667478344952,227.1366903547521,698,4.409490728658361e-05,227.19595424859318,696,0.0003049326532807072
227.43047058321912,227.45320685030606,700,9.996019577734304e-05,227.5227204270143,697,0.000405453326252599
227.7444209006334,227.74999965399894,701,2.4495075187775194e-05,227.8094217406918,699,0.0002853299023443243
227.8179258953475,227.8492533939825,703,0.00013749221543782862,227.8094217406918,699,3.733012704542558e-05
227.92798071021238,227.93335243736607,704,2.3567095803423212e-05,227.85726934321642,700,0.0003103318458953986
228.6600653972068,228.69494848827946,705,0.00015253109569425134,228.35662495026895,704,0.0013288007168784284
228.76902737047592,228.7790968317292,706,4.4013904210281106e-05,229.08104994087174,705,0.0013620619011321434
228.81082765666784,228.8209924849263,707,4.442262114188349e-05,229.08104994087174,705,0.001179592481672507
229.11499227513917,229.11670363991817,709,7.469402063709657e-06,229.08104994087174,705,0.0001481673594398027
229.25873754388294,229.26466799610637,710,2.5867275037446988e-05,229.24288576022823,707,6.91484213442085e-05
229.68236564673956,229.70198150504166,711,8.539699210941533e-05,229.69060359579797,710,3.5865416039867965e-05
229.82160263742608,229.85203868953033,712,0.00013241584576659254,229.69060359579797,710,0.0005703282571308102
229.87713964513532,229.88031459347138,713,1.3811310210192253e-05,229.69060359579797,710,0.0008121187650567053
230.1082976645729,230.1374646615559,714,0.00012673728297955163,230.13463542738873,711,0.0001144450193988828
230.29529194593007,230.3136631484865,715,7.976601259905871e-05,230.30017335625598,713,2.119586040587324e-05
230.88085030455332,230.88188187099558,716,4.467940203472784e-06,230.7186408585675,715,0.0007030617265348957
230.9760013849983,230.98596960082614,717,4.315507060905892e-05,230.7186408585675,715,0.0011154734852506592
231.20022811962704,231.20051411044977,720,1.2369817767600187e-06,231.3010530938481,716,0.00043590365401475567
231.28524710600215,231.30330334104735,722,7.806302281202023e-05,231.3010530938481,716,6.833513135606951e-05
231.72043364301217,231.7284590871804,723,3.4632967395715465e-05,231.72134645344795,722,3.9392591565226864e-06
232.17781179359943,232.21189915005516,724,0.0001467941848824088,232.16121360530244,723,7.149423471404868e-05
232.49762314188573,232.51128772282783,725,5.876953792623914e-05,232.6328029695083,724,0.0005810866992833234
232.68484624449724,232.71229104571802,726,0.00011793447220795729,232.6328029695083,724,0.0002237142583703201
232.93389034001342,232.95833555749175,727,0.0001049338604683569,232.9478119018401,725,5.9762578205963036e-05
233.4694302079621,233.4948784382443,728,0.00010898838746458069,233.3942390968602,727,0.0003221635263700593
233.6166640235092,233.62158915945332,729,2.1081681542532805e-05,233.3942390968602,727,0.0009530009288562777
233.74760129949902,233.7940486215657,730,0.0001986676835468378,233.927324688907,728,0.0007682872860063568
233.8299376817357,233.83449827956724,731,1.950352862862789e-05,233.927324688907,728,0.00041631308912209655
233.93979101101087,233.94446687122502,733,1.998705195589552e-05,233.927324688907,728,5.329143194560308e-05
234.19285563703798,234.19738174089298,734,1.932602244036625e-05,234.2160215261089,730,9.890821695279164e-05
234.26795759694295,234.2717098509185,736,1.601667558558637e-05,234.27869290322715,731,4.582280253987126e-05
235.01012888946133,235.01020629891633,738,3.2938763052696333e-07,234.8179521493666,737,0.000818407359129402
235.17486452085512,235.21455509817383,740,0.00016874201216902828,235.44138728739736,738,0.001132013235280933
235.43683625727326,235.44826265255432,741,4.8530386898309056e-05,235.44138728739736,738,1.932977959626892e-05
236.04545167102754,236.0889784270849,742,0.00018436589605898832,235.89656194721823,741,0.0006311652979606314
236.37886871687513,236.3628693939246,744,6.768966289654409e-05,236.5389050414839,742,0.0006765750631199598
236.742115224664,236.78294416225003,748,0.00017243191958144128,236.79995366636925,743,0.0002442502239115592
236.79086553630864,236.79708540764136,749,2.6266671830062216e-05,236.79995366636925,743,3.837893513023514e-05
237.30020036805686,237.31880720634553,750,7.8404398318433e-05,237.25328233543928,749,0.00019775504117683094
237.37098391947183,237.3844078055322,751,5.6549148212644696e-05,237.25328233543928,749,0.0004961009722349532
237.79236640664732,237.8079796928348,752,6.565501379581527e-05,237.7749213403497,750,7.336798262527769e-05
238.37017614074378,238.40406355976256,754,0.00014214279116214613,238.2551366214137,752,0.0004828417173346388
238.9573902090717,238.9594509737027,756,8.623909297640253e-06,238.92115097493124,755,0.0001516786353680982
239.1002282434124,239.10711454503064,757,2.8800069924062345e-05,238.92115097493124,755,0.0007495245513025146
239.21903381037458,239.23655330464584,758,7.323084214871474e-05,239.41951530409813,756,0.0008373648800888376
239.33034682447246,239.33850645455044,760,3.4092424987757156e-05,239.41951530409813,756,0.0003724361379330863
239.74306301276164,239.74383237790954,761,3.209113411894953e-06,239.76057305472742,759,7.303136517688119e-05
239.87904392939313,239.88630530420238,763,3.0270068147651293e-05,239.7980455344198,760,0.00033777754440333344
240.1374108895078,240.17559481798867,764,0.00015898338259471713,240.20597693236743,761,0.00028544686412584484
240.48576484292317,240.52290689271734,765,0.00015442208924714484,240.37363792171578,763,0.0004664692941241268
240.62394833070053,240.62996262851942,767,2.4993968968770048e-05,240.64463345430576,764,8.595713649754316e-05
240.82258644034223,240.82647730650422,769,1.6156305591886583e-05,240.99412897233003,765,0.0007118120790714051
240.9189044221101,240.92716576199035,770,3.428978153675975e-05,240.99412897233003,765,0.00031214266729529195
241.1652647037777,241.15933628182268,772,2.4583008256795223e-05,241.09948202955022,768,0.0002728445273864804
241.56475638931664,241.57402248588176,775,3.835717296819443e-05,241.6538495350998,772,0.00036868084640303704
242.18212390206355,242.18809059558424,776,2.463660994236914e-05,242.06699161588423,775,0.0004756215847967051
242.531336852063,242.5659596143969,777,0.00014273545384907015,242.6821377275289,776,0.0006213925626253384
242.62327425035056,242.67017515336113,778,0.0001932701576571022,242.6821377275289,776,0.0002425538102207738
242.68172535648776,242.67017515336113,778,4.759630275674488e-05,242.6821377275289,776,1.69922288058682e-06
243.34056698421227,243.34344935540582,783,1.1844868646291092e-05,243.2063928925672,779,0.0005516881774745701
243.6832265131342,243.70818017283938,785,0.00010239155570189942,243.7379805969704,780,0.00022464321605560083
243.89206740637175,243.89956264022737,786,3.073082122200306e-05,243.82698035604247,783,0.0002669394922343721
244.16977204889332,244.17410707763457,787,1.7753842916169373e-05,244.1889968102883,785,7.872902401870353e-05
244.30278174416702,244.31537085609511,788,5.1528120739929995e-05,244.39835166191017,786,0.00039104158065417547
244.88283900448636,244.9205656146538,789,0.00015403610584017197,244.8169053856045,788,0.00026931807988501706
245.1524687873608,245.15477260550978,790,9.397402810082105e-06,245.39397413007072,789,0.0009841535170782903
245.29449304617094,245.32611398380328,791,0.00012889348434560712,245.39397413007072,789,0.00040539334452868535
245.76093464851323,245.8022519369469,792,0.00016809157812058305,245.8248878670137,791,0.0002601576229949098
246.03927374359594,246.04020310702163,793,3.7772827934110176e-06,245.8248878670137,791,0.0008721081028143087
246.30725837687652,246.32067648468302,796,5.447414321036745e-05,246.26850928364155,792,0.00015734489703001235
246.54353403017825,246.55711582162763,798,5.508578166208167e-05,246.54450425660434,793,3.935299344904838e-06
246.78731506998312,246.79773568375106,800,4.2223295684070624e-05,246.80120542128802,796,5.62815375280835e-05
247.39266186956405,247.42616422005676,802,0.0001354034267083991,247.30679783302017,800,0.00034719642685219045
247.57270230816607,247.6053433866719,803,0.00013182703595721298,247.30679783302017,800,0.001075200833441865
248.31966674095696,248.3257827880775,805,2.46291265122561e-05,248.11015628612074,803,0.0008444251455575747
248.64582891044432,248.65215839137824,807,2.5455161840789088e-05,248.79218387585775,804,0.0005882619105367506
248.72336648706835,248.73006960393826,808,2.6949362739246405e-05,248.79218387585775,804,0.0002766059114772537
248.84061645380723,248.84575632631845,809,2.0654852978413287e-05,248.84319143016367,805,1.034778706077094e-05
249.04427777942723,249.0501634533785,810,2.3632483792249897e-05,248.94526975455074,806,0.0003977100065974922
249.2789418266593,249.28748356212628,811,3.4264598225858013e-05,249.24041873393324,808,0.00015456198044337286
249.44425170534936,249.41703675767246,812,0.00010911422904657992,249.3959497423779,809,0.00019367581158138248
250.93022380496342,250.94181555603654,818,4.6192983211831403e-05,250.48169916435944,817,0.0017906483471659454
250.99592935747086,251.010950838023,819,5.984392514350246e-05,251.4983477829767,818,0.0019977007003616543
251.72498342404336,251.73326952322702,820,3.2916186244899265e-05,251.53735114944766,819,0.0007459419992230914
251.88688150580123,251.93814824744567,821,0.00020348939611196772,251.53735114944766,819,0.0013895763581683724
252.91270263171538,252.9578119114634,823,0.00017832728472454252,252.4723063265794,822,0.0017443350977525147
253.29754029596657,253.30017002420112,824,1.0381865256155092e-05,253.47790950611892,823,0.0007115776301918548
253.63267926678498,253.6545568850707,825,8.6249656045512e-05,253.47790950611892,823,0.0006105848078343892
253.7464734366779,253.73113168493092,828,6.0464601427088235e-05,253.83718230819093,824,0.00035735060832385053
254.07725097061848,254.07863516201792,835,5.447885842726191e-06,254.1944541021523,825,0.00046107666647484405
254.58260299379634,254.6280517735279,839,0.00017849085917669006,254.56534898574904,834,6.77783057122539e-05
254.67640361228987,254.68745316278017,840,4.3384746099904525e-05,254.65981415735732,836,6.514359160847548e-05
254.8198891327028,254.87177778442924,841,0.00020358727897417845,254.74328130130203,837,0.000300725620748188
255.27624703117573,255.280748515244,843,1.763346470289085e-05,255.22833902177385,840,0.00018770646545559618
255.84210009365364,255.8429759084454,846,3.4232512682627117e-06,255.83177275539126,843,4.036769221882264e-05
256.08234063327546,256.0888437688444,849,2.5394060409825648e-05,255.86993490447895,844,0.0008301316404203823
256.3470959364208,256.35852675429385,850,4.45891853793326e-05,256.3780470831418,845,0.00012072463720310078
256.68646664054944,256.7067338337115,852,7.895076556575381e-05,256.6652133052939,849,8.280567117707143e-05
257.0516475526767,257.0588422734419,854,2.7988614208203433e-05,256.97260677351966,851,0.00030758445481579225
257.545032993238,257.58059236193037,856,0.0001380514283560471,257.59130174051455,853,0.00017962076733146594
258.1790016647433,258.1834777641069,858,1.7336893136532337e-05,258.11193065212285,856,0.0002598524308852192
258.5660570025674,258.6098113667881,862,0.00016919065827189484,258.7465041921075,858,0.0006973898646613529
259.07372304491025,259.07971063052435,863,2.311097846883251e-05,259.17357616386926,862,0.00038527507486283715
259.15845568458724,259.1680351068404,865,3.6962205810732575e-05,259.17357616386926,862,5.834112993238855e-05
260.0450592014806,260.04921471152034,867,1.5979706165691993e-05,259.74940897592495,865,0.0011382132753306022
260.733026019342,260.73941616002526,871,2.4507766326145862e-05,260.68645638021155,868,0.00017864234213425042
260.9219977917384,260.97863332999464,874,0.00021701216507101416,260.82134427619735,869,0.00038590981048882854
262.30738261319016,262.3248903798327,877,6.674077559777854e-05,262.2258627208116,876,0.00031087662953112506
262.54505588214704,262.5674540810953,879,8.53045516500422e-05,262.2258627208116,876,0.001217245156612415
262.7580741924702,262.8037546528735,880,0.00017381966427256604,262.89943932942526,877,0.0005377156273731583
262.99514132981545,263.02336129950925,881,0.00010729073476351454,262.89943932942526,877,0.0003640251216750265
263.4241734053563,263.43199659548577,882,2.9697190282682054e-05,263.3731689303349,880,0.00019365858423845214
263.5956793684336,263.64398884722493,883,0.00018323755076901397,263.5935821306158,881,7.956331109585996e-06
263.8508416894553,263.85229759428637,885,5.5178781626540716e-06,264.03436335561827,882,0.0006950673534708872
264.09664365333236,264.09966015295686,886,1.142182319638888e-05,264.03436335561827,882,0.00023587951553947283
264.32250290263323,264.33071480730734,891,3.1066781929217125e-05,264.27160617642954,884,0.00019259248823617474
264.4577258315917,264.466366291707,892,3.267130046240294e-05,264.45236183461196,885,2.028341491266089e-05
264.5978148339676,264.60394683662764,893,2.3174267554709838e-05,264.6947341312601,886,0.0003661549883512126
265.4047872589312,265.41264870932423,895,2.9619727738116536e-05,265.3354741115936,894,0.00026122834713176806
265.5721224325017,265.6089648465197,896,0.00013870922632180712,265.3354741115936,894,0.0008918834607413783
265.6820108506403,265.6934308145594,897,4.298173230730747e-05,265.3354741115936,894,0.0013060324489478831
265.9504007303196,265.95095197809496,900,2.0727422529484093e-06,266.062134683981,895,0.0004199543606388849
266.9050857204813,266.94353064290283,903,0.00014401893287676652,267.14557939412003,901,0.0009002345245022833
267.23124538995006,267.2365292837835,905,1.9772348666597245e-05,267.29217230135487,902,0.00022794124826115334
268.2401397346721,268.2423300203101,910,8.165324383470723e-06,268.2129990838779,909,0.00010119066147762301
268.83213602030975,268.84317025444057,912,4.104338644859445e-05,268.8697805114069,910,0.00014001012321103446
269.0161334354398,269.018876433212,915,1.0196302239134374e-05,268.9068652291266,911,0.00040634219665655516
270.33145472869063,270.3372465948763,917,2.1424595606570053e-05,270.25918232728264,916,0.0002674188561721626
270.5815637724514,270.53949578728873,919,0.00015549664953808397,270.25918232728264,916,0.0011928602846815687
270.67673975430836,270.69010668232033,921,4.938092557502834e-05,270.9808519309129,917,0.001122264449452884
271.2146699066117,271.2217942672571,928,2.6267655461398202e-05,271.2015507790738,919,4.837408746448549e-05
271.52972165539575,271.5693389598507,930,0.0001458828327479975,271.60922103279944,924,0.0002926976378099188
271.70223575435153,271.74478460420016,932,0.00015657650950174368,271.7066725235329,926,1.6329261037921438e-05
272.12419736485157,272.1525532079402,934,0.00010419098683575136,272.2036660901121,930,0.0002919458301279164
272.4430690340921,272.4583280389321,935,5.6004912567120795e-05,272.39782750348894,933,0.0001660862387112264
273.04917850446014,273.09979396716733,939,0.00018533687620895896,273.0948444574218,935,0.00016721645936738162
273.63959053368274,273.646356089445,943,2.4723719544338622e-05,273.7294810877606,939,0.00032839193542700726
274.0105531890119,274.01796547016454,945,2.7050347373886465e-05,274.16754740434834,941,0.0005726214383240446
274.27612790161686,274.34598106192186,948,0.00025461703515618504,274.3012132338182,943,9.145177269033656e-05
274.59815862806704,274.60641192645494,949,3.0055009750134747e-05,274.6558402612332,944,0.0002100142240241687
275.1982686404786,275.2410969617765,952,0.00015560293056042363,275.2743810130819,949,0.0002764963899770736
275.5692593007808,275.5759648701152,953,2.4332925179205335e-05,275.6934675336954,950,0.0004505301994485258
276.03282265184777,276.0406429176845,956,2.8330124702281204e-05,275.8729795820762,952,0.0005794082117564285
278.87781457149237,278.87988911593857,964,7.438845636301168e-06,279.0630872936535,963,0.0006639098132178653
279.1718071274373,279.1757549294823,969,1.4140920102419897e-05,279.0630872936535,963,0.000389588730054502
279.42422573643876,279.4710597970234,971,0.00016758107482982382,279.5752649337172,964,0.0005402452084388565
280.0171197980527,280.02469166056324,973,2.7039981601727303e-05,279.93903197559223,970,0.00027894581869984924
280.11102864584427,280.1178890753806,974,2.4491222459910542e-05,280.1745808731132,971,0.00022683081052849135
280.5175472743184,280.52961941302806,978,4.303338355108582e-05,280.7710741793723,973,0.000902966610057279
281.02305390074446,281.02431439959116,980,4.485372909449871e-06,281.10041049221655,977,0.00027519202599755047
282.15609075327626,282.21184073852703,984,0.00019754658452627948,282.2048724419675,981,0.00017285912985526855
282.285614290026,282.3003788622757,986,5.230092963108026e-05,282.26191421900387,982,8.396482071517078e-05
282.46351691772094,282.4696377188865,989,2.1668881706954006e-05,282.5852743458348,983,0.0004308696848968541
282.7484794728657,282.754663289567,991,2.1869901735189048e-05,282.8882295665804,984,0.0004940116947558467
283.71377763113134,283.7220932124584,994,2.930889601475891e-05,283.51220011699826,992,0.0007110011987134659
283.7888191741538,283.7952456971867,995,2.2644928448820913e-05,283.51220011699826,992,0.0009756866090467177
284.3653566354497,284.40949918709236,999,0.00015520772607396845,284.4733461104058,994,0.00037961192650441244
284.56995217599666,284.57449221112654,1001,1.5953766954312414e-05,284.5217615468724,995,0.00016937414158493585
285.99739133419405,285.9993937241078,1008,7.001378176601938e-06,286.12801312383556,1007,0.0004565152087536999
286.40585360187333,286.4134153980591,1010,2.6401682949310765e-05,286.12801312383556,1007,0.0009710355690252719
286.96583285486105,286.97434628246003,1014,2.966616253079615e-05,286.75289852908287,1009,0.0007425707878470924
289.21578620048484,289.2360710088134,1023,7.013236024742637e-05,289.1998400839334,1020,5.513874608927582e-05
289.5802992909704,289.58289609656254,1026,8.967399757159754e-06,289.67634912233103,1022,0.00033157636669905956
289.7332985464262,289.7411301383921,1028,2.70296176526803e-05,289.67634912233103,1022,0.00019659673379528858
290.00817238609625,290.08451388544495,1031,0.00026316985462673754,290.02336944808843,1024,5.239943946966233e-05
290.24497618540533,290.280658327884,1033,0.000122922907382822,290.3151405062522,1025,0.00024168329879214722
290.7615637900327,290.76248824320646,1038,3.1794100378552736e-06,290.8098008039309,1031,0.00016587134878136395
290.94575773583506,290.95061134132163,1040,1.6681887912858356e-05,291.0501223777691,1033,0.00035857961880053293
291.7353218364666,291.7452871027274,1043,3.4157419849882276e-05,291.73124803147886,1040,1.3964239399205123e-05
292.1179734592814,292.1733136584344,1047,0.0001894088082858277,292.4378766487105,1042,0.0010939184523398604
292.7784500252837,292.8283005532801,1048,0.00017023808116294956,292.7541329819099,1046,8.30630233162287e-05
294.50634068399813,294.50978562482317,1055,1.1697203261770057e-05,294.47214266536076,1050,0.00011613328964781462
294.84711422777974,294.8524179440459,1058,1.79876980597182e-05,294.90116626426635,1051,0.00018328864945272105
295.44755345120484,295.45482611958903,1061,2.4615161917326644e-05,295.3675463543817,1057,0.0002708730116447237
296.2427360676618,296.2509694468521,1064,2.7791906320759485e-05,296.27070805135793,1061,9.441359856371197e-05
296.54072393802454,296.54895751551055,1066,2.7764648221969185e-05,296.3403993974638,1062,0.0006759947039555475
296.70397606185196,296.706704312484,1069,9.195109488280912e-06,296.76757558420434,1063,0.00021430751734645217
297.2319873788503,297.248384114102,1073,5.516173048533482e-05,297.1659871156726,1065,0.00022209898184625244
298.2976793109432,298.30551943718467,1077,2.6282203079185473e-05,298.5363148486486,1074,0.0007993517901713335
298.71229935323004,298.8103142160587,1079,0.0003280169999681004,298.7292076134921,1075,5.660062635710293e-05
299.0983437982064,299.1091418527152,1081,3.610071708922358e-05,299.14544734794544,1077,0.000157460359690099
299.4207792172352,299.4882096334012,1082,0.00022515215623533015,299.3282922623533,1078,0.0003089816675292548
300.7479495162393,300.755061644879,1094,2.3647577536280273e-05,300.8077897030343,1089,0.0001989316395498332
302.43845416336404,302.4465947009397,1101,2.6915619875746462e-05,302.3015581175054,1097,0.0004528459817114886
303.8889766577784,303.89830685677816,1112,3.070171432098723e-05,303.81637507632814,1103,0.00023896533368891602
305.3185362376279,305.3215946887391,1116,1.001714639385076e-05,305.5530983311265,1114,0.0007676639339601854
306.5050798168446,306.50669397014224,1124,5.266290522779669e-06,306.56319991713957,1119,0.00018958603090868747
306.77294236438047,306.7784962916828,1127,1.8104030658861854e-05,306.7073931796191,1120,0.00021371895891336492
308.55310351419905,308.5670502444789,1137,4.519837833876487e-05,308.4620504934424,1134,0.0002951838665761005
309.0727674621305,309.1653162767352,1139,0.0002993505730825785,308.78352961321696,1135,0.0009367010257181079
309.37380068382544,309.2371648923181,1141,0.00044184789869907733,309.417818399236,1136,0.00014225979498627383
310.74572804359565,310.7511220023265,1147,1.7357809349466332e-05,310.8515167987893,1145,0.0003403192504353558
311.47359380971125,311.481632749405,1149,2.5808711809986615e-05,311.6267526284638,1146,0.0004914816120911216
313.0031253744669,313.00818311797104,1161,1.615850248313472e-05,312.99342842074003,1155,3.0981333300787726e-05
316.9672998369224,316.97143597030697,1185,1.3048915186681177e-05,316.9608670178534,1180,2.0295310047351984e-05
317.1492945254084,317.15107458656075,1187,5.612660006573965e-06,316.9608670178534,1180,0.000594481928724587
317.56035193207896,317.5696904485982,1189,2.940619586847258e-05,317.4990074255905,1181,0.0001932116480800149
318.98141895029795,318.9895056385044,1199,2.5350953757115877e-05,318.9274506726929,1193,0.00016921803843235702
319.61697004279785,319.61762714165013,1203,2.055890528201347e-06,319.6236930791402,1198,2.1034223957501936e-05
320.241302869095,320.2514572771307,1205,3.170760914575901e-05,320.21035803825345,1201,9.663906886447426e-05
321.6560616807351,321.66072084811515,1214,1.4484725917949138e-05,321.7153965467581,1209,0.0001844327833230382
322.85228095979534,322.85540017668507,1221,9.661343400240926e-06,322.7291475700116,1215,0.0003815378645246773
325.50675894323496,325.51622807757053,1238,2.9089592219403392e-05,325.59442521725396,1229,0.00026924992330720754
329.0876647326293,329.23078766927574,1254,0.00043471917574790426,329.1174234203048,1249,9.041966653188232e-05
329.93057332865595,329.9254230898514,1259,1.5610312040603037e-05,329.83823092259473,1255,0.00027996271324560665
333.43340240076617,333.4378574678808,1287,1.3361011699348185e-05,333.44972036694577,1277,4.893681170775071e-05
333.58208539123933,333.5845774113508,1288,7.470429630725775e-06,333.47508241663036,1278,0.000320872473689921
335.69957553343113,335.7096023339684,1297,2.986748209632876e-05,335.33299145588666,1295,0.001093194188716436
336.10083229859396,336.1023595294371,1301,4.543945616037251e-06,336.1534688615033,1296,0.00015658491666805508
339.813391213252,339.81772198709064,1324,1.2744402538325323e-05,339.7830570900235,1318,8.927497294387584e-05
345.148451918288,345.1514745900581,1356,8.757522399987568e-06,345.1461007476866,1348,6.812102458371212e-06
346.0455909267949,346.05162965144916,1362,1.7450357509822772e-05,345.96153647455606,1354,0.00024295895172443015
346.7162266433315,346.71733328772814,1366,3.191776961835972e-06,346.8072752689904,1361,0.0002625337821655983
349.9115118101655,349.92090356880874,1385,2.6839661613373156e-05,349.9639825318639,1378,0.00014993177674682846
350.61507660363424,350.6196360967706,1389,1.3004100931463153e-05,350.6967752347796,1383,0.00023296088505703799
353.191714327471,353.1949644277362,1409,9.20200057337453e-06,353.15545161823627,1400,0.00010268200326108547
362.2866897699561,362.2910402354596,1457,1.2008206166651582e-05,362.1336570546676,1451,0.00042258628080358256
363.86934630764756,363.87163203378714,1471,6.281682709916315e-06,363.7040901093647,1457,0.00045436991987956335
370.8986727362619,370.90463706566413,1517,1.6080492952052565e-05,370.8539867079531,1508,0.00012049493846757931
374.79180135186937,374.796623214172,1544,1.2865276803336001e-05,374.8351976302965,1536,0.00011577428881135225
375.3862484188331,375.38827042134176,1550,5.386429646328388e-06,375.339540849441,1539,0.00012444084437887403
378.21863801034306,378.21939799605684,1568,2.009377937280455e-06,378.3170938025302,1561,0.0002602467448604313
381.6259685079468,381.6296914452954,1585,9.755366084030109e-06,381.6403252507669,1576,3.761851636266334e-05
393.2265872750859,393.2289806154746,1660,6.086378437762363e-06,393.17341205838136,1655,0.00013524621725087836
396.1138240186507,396.1158202375009,1680,5.039482767939141e-06,396.08996684687145,1674,6.0231699300942565e-05
405.65881154448437,405.6624696146049,1742,9.017521694851285e-06,405.5998879140374,1731,0.00014527526314166332
407.6067721270748,407.6080096080033,1754,3.0359583209776092e-06,407.5973396530615,1747,2.314164764010347e-05
438.5691612217552,438.56299759792273,1966,1.4054135588846684e-05,438.6227278302326,1960,0.0001221245619038843
441.75530472533,441.75619749866075,1984,2.020963906793947e-06,441.77111553068346,1982,3.57895860494646e-05
