k_range,count,median_abs_rel_err,mean_abs_rel_err,max_abs_rel_err
1-50,50,0.0019212828168616262,0.0019729111154130306,0.002583920425621927
51-100,50,0.003024139995022497,0.0029716645588435363,0.003733657965083474
101-200,100,0.004587265767150319,0.004716543808889634,0.005968462146266242
201-500,300,0.00991222310875476,0.010076264168176313,0.014563268160161347
501-1000,500,0.02174892295415597,0.021767631706262072,0.029196908453797105
1001-2000,1000,0.04460481300069448,0.04489953772115924,0.06343513761178853
2001-3000,1000,0.07682750000255836,0.0776480608032654,0.09856416539028132
3001-4000,1000,0.11436072383054711,0.11446829082647529,0.13877310916695723
4001-5000,1000,0.15360323429772116,0.1533022111364025,0.178444850956733
