lambda_center,lambda_mean,lambda_std,lambda_min,lambda_max,n_seeds,seeds,arnoldi_lambda,arnoldi_index,arnoldi_rel_err,arnoldi_abs_rel_err,ssg_lambda,ssg_index,ssg_rel_err,ssg_abs_rel_err,same_reference_index
9.878297468804362,9.878297468804568,8.501310527955571e-13,9.878297468803154,9.87829746880577,8,"11,22,33,44,55,66,77,88",9.878297468804268,1,9.530682061917033e-15,9.530682061917033e-15,9.869604401090413,1,0.0008807919102602278,0.0008807919102602278,True
20.208651562682846,20.208651562685596,7.934093398693287e-12,20.208651562676607,20.2086515626997,8,"11,22,33,44,55,66,77,88",20.2086515626796,2,1.6068268050206773e-13,1.6068268050206773e-13,20.190728556441357,4,0.0008876849684441375,0.0008876849684441375,False
33.24755455187608,33.24755455187549,1.070168650994162e-11,33.24755455185604,33.24755455189148,8,"11,22,33,44,55,66,77,88",33.247554551892485,5,-4.934628122225862e-13,4.934628122225862e-13,33.21746191430566,9,0.0009059282629134123,0.0009059282629134123,False
39.51504350755857,39.51504350755886,6.558582731039636e-13,39.51504350755815,39.51504350756019,8,"11,22,33,44,55,66,77,88",39.515043507558495,10,1.97797329816075e-15,1.97797329816075e-15,39.4784176043553,10,0.0009277449661313771,0.0009277449661313771,True
48.877127961195015,48.87712796120606,3.9518427237011375e-11,48.877127961166224,48.87712796128761,8,"11,22,33,44,55,66,77,88",48.87712796124829,11,-1.0900086921950898e-12,1.0900086921950898e-12,48.831193643635444,17,0.0009406757060823464,0.0009406757060823464,False
59.73847027319243,59.73847027317399,6.697984908291763e-11,59.73847027303216,59.738470273239756,8,"11,22,33,44,55,66,77,88",59.73847027323662,18,-7.397017790178928e-13,7.397017790178928e-13,59.67951594411946,20,0.0009878486468988213,0.0009878486468988213,False
67.02109449283344,67.02109449267726,3.6747902734327307e-10,67.02109449180475,67.02109449300389,8,"11,22,33,44,55,66,77,88",67.02109449288633,21,-7.891963216983265e-13,7.891963216983265e-13,66.95431192513087,29,0.0009974349042262088,0.0009974349042262088,False
76.69131907739008,76.69354823347331,0.013833038103171089,76.67906419222422,76.71249058688883,4,"11,22,33,55",82.80875741664792,30,-0.07387429216548046,0.07387429216548046,82.71923110148691,30,-0.07287195424606022,0.07287195424606022,True
76.82969239337119,76.83247551299239,0.015007239999175961,76.81411587541874,76.85801141841799,6,"11,22,33,44,66,77",82.80875741664792,30,-0.0722032935863701,0.0722032935863701,82.71923110148691,30,-0.07119914715950322,0.07119914715950322,True
76.92155370087166,76.92556835160897,0.017288713050294623,76.89521913571477,76.95306423678448,8,"11,22,33,44,55,66,77,88",82.80875741664792,30,-0.07109397483354458,0.07109397483354458,82.71923110148691,30,-0.07008862780049513,0.07008862780049513,True
76.97934086537342,76.98265106767107,0.010738173325757456,76.97340136287957,77.00694470834924,7,"11,22,33,44,66,77,88",82.80875741664792,30,-0.0703961360263396,0.0703961360263396,82.71923110148691,30,-0.06939003372832753,0.06939003372832753,True
77.0423761386426,77.04390853124745,0.01211325519471622,77.02617508860925,77.06825877265459,8,"11,22,33,44,55,66,77,88",82.80875741664792,30,-0.06963492096605292,0.06963492096605292,82.71923110148691,30,-0.06862799481150246,0.06862799481150246,True
77.1177799479471,77.11319004873384,0.011805035327718915,77.08584180998793,77.12490879157099,7,"11,22,33,44,55,66,77",82.80875741664792,30,-0.06872434324870941,0.06872434324870941,82.71923110148691,30,-0.06771643158369643,0.06771643158369643,True
77.20297119602857,77.20233172932238,0.017866660024415643,77.17870399649655,77.2272522113291,6,"11,22,44,55,77,88",82.80875741664792,30,-0.06769557224985434,0.06769557224985434,82.71923110148691,30,-0.06668654715480285,0.06668654715480285,True
82.80875741620069,82.80875741561074,1.4368884955025559e-09,82.80875741330573,82.80875741735474,8,"11,22,33,44,55,66,77,88",82.80875741664792,30,-5.400754976818562e-12,5.400754976818562e-12,82.71923110151963,34,0.001082291427143375,0.001082291427143375,False
87.62612059370194,87.62612058481258,2.864340821356636e-08,87.62612050927586,87.62612059968882,8,"11,22,33,44,55,66,77,88",87.62612059404722,35,-3.940390544217695e-12,3.940390544217695e-12,87.5312202571512,45,0.001084188433246289,0.001084188433246289,False
88.92634640512642,88.92634640537173,3.1561850739542383e-09,88.9263463996077,88.92634641011355,8,"11,22,33,44,55,66,77,88",88.92634640705195,46,-2.1653067500735975e-11,2.1653067500735975e-11,88.82643960980764,46,0.0011247416395124374,0.0011247416395124374,True
108.6492070897811,108.64920715898582,1.7220266088378495e-07,108.6492069531312,108.64920751837369,8,"11,22,33,44,55,66,77,88",108.64920703009004,47,5.493925138945793e-10,5.493925138945793e-10,108.51635883016726,53,0.0012242233433371126,0.0012242233433371126,False
110.65306567210759,110.65306566791924,6.666075191168982e-07,110.65306481043783,110.65306711301736,8,"11,22,33,44,55,66,77,88",110.65306578085963,54,-9.82820011357517e-10,9.82820011357517e-10,110.51970831770339,66,0.0012066386749849504,0.0012066386749849504,False
119.05502613883871,119.05502615066428,5.3876607608742234e-08,119.05502609318964,119.05502627319939,8,"11,22,33,44,55,66,77,88",119.05502613042427,67,7.06769491581072e-11,7.06769491581072e-11,118.89986916363529,69,0.0013049381491740037,0.0013049381491740037,False
136.0729561788842,136.07296106504168,7.753653685984033e-05,136.07286859304142,136.0731132076208,8,"11,22,33,44,55,66,77,88",136.07285765413587,70,7.240587874968137e-07,7.240587874968137e-07,135.88639953737953,84,0.0013728867799852767,0.0013728867799852767,False
137.19908988287114,137.19909905845662,2.607937336337862e-05,137.1990809240619,137.19916633039227,8,"11,22,33,44,55,66,77,88",137.1990923222191,85,-1.777962164901101e-08,1.777962164901101e-08,137.00485149712625,93,0.0014177482302439193,0.0014177482302439193,False
152.09195641238747,152.09195663800878,1.6831946224364164e-06,152.09195426825684,152.0919601657943,8,"11,22,33,44,55,66,77,88",152.09195717100746,94,-4.987903397711564e-09,4.987903397711564e-09,151.85487416408614,98,0.0015612422690176935,0.0015612422690176935,False
158.17173999794704,158.17173934107342,1.1658769272829573e-05,158.1717213650183,158.17176310735664,8,"11,22,33,44,55,66,77,88",158.17174475693366,99,-3.0087463644051866e-08,3.0087463644051866e-08,157.91367041742575,99,0.0016342447100312354,0.0016342447100312354,True
163.86441634837882,163.86439222910315,0.00012310592053623514,163.86413530739128,163.86453700468286,8,"11,22,33,44,55,66,77,88",163.86433010276195,101,5.263233115855196e-07,5.263233115855196e-07,163.6040968033384,116,0.0015911554180293578,0.0015911554180293578,False
168.41270143653279,168.41267636672063,0.00011731922792958084,168.41238152175578,168.4128108576421,8,"11,22,33,44,55,66,77,88",168.41271772937384,117,-9.674353144387659e-08,9.674353144387659e-08,168.1309047214852,127,0.0016760554254697975,0.0016760554254697975,False
187.97998888001916,187.97191402434902,0.014265475532855211,187.94850495518966,187.98765471900367,8,"11,22,33,44,55,66,77,88",187.99101255008543,128,-5.863934619389526e-05,5.863934619389526e-05,187.63583830696155,134,0.0018341409411063972,0.0018341409411063972,False
193.67689400286554,193.6822808971288,0.025893589811808122,193.65194013902874,193.7233954437554,4,"11,22,33,77",194.01072011529388,135,-0.001720658076161767,0.001720658076161767,193.65011892706184,153,0.00013826521745531698,0.00013826521745531698,False
193.87524652310017,193.87883635499412,0.03405727113809573,193.81677323592857,193.92745258170487,8,"11,22,33,44,55,66,77,88",194.01072011529388,135,-0.0006982788998112972,0.0006982788998112972,193.65011892706184,153,0.001162548194060898,0.001162548194060898,False
193.9807104721745,193.98090865224265,0.009635468292467536,193.9639869223805,193.99936216451368,8,"11,22,33,44,55,66,77,88",194.01072011529388,135,-0.00015468033468221304,0.00015468033468221304,193.65011892706184,153,0.0017071590089608208,0.0017071590089608208,False
198.31375554230254,198.29322585201527,0.05139381552761342,198.18759795062323,198.34090024384057,8,"11,22,33,44,55,66,77,88",198.26342044582924,156,0.00025387989554562,0.00025387989554562,197.85781119338554,156,0.002304404087799002,0.002304404087799002,True
202.25857459605223,202.26048231463605,0.0064823848903290265,202.25630697946173,202.27737318126435,8,"11,22,33,44,55,66,77,88",202.25878126107773,161,-1.0217851814055048e-06,1.0217851814055048e-06,201.85000047960972,169,0.00202414721561411,0.00202414721561411,False
202.4129431744217,202.42268482215582,0.04622960793064887,202.36129771825085,202.4938524571495,6,"11,33,55,66,77,88",202.2654289868241,169,0.0007293099386114922,0.0007293099386114922,201.85000047960972,169,0.0027889159944235967,0.0027889159944235967,True
202.61898782107048,202.615917035626,0.04811999416049038,202.5450338344586,202.67756841113533,6,"22,33,44,66,77,88",202.2654289868241,169,0.0017479943854834556,0.0017479943854834556,201.85000047960972,169,0.003809697000909536,0.003809697000909536,True
226.56204787076078,226.56140632285454,0.011381429944985394,226.54252321744957,226.57544664543263,8,"11,22,33,44,55,66,77,88",226.52199284334034,190,0.00017682621858327837,0.00017682621858327837,226.1915145175546,199,0.0016381399364007857,0.0016381399364007857,False
226.7014941412356,226.70190750648487,0.01670550162023875,226.68038792758625,226.72425381588215,4,"11,22,77,88",226.7171917242168,191,-6.923860895515544e-05,6.923860895515544e-05,226.1915145175546,199,0.002254636407421136,0.002254636407421136,False
238.70452005728202,238.7002466239534,0.008866665517525333,238.68377356370348,238.70862250173684,8,"11,22,33,44,55,66,77,88",238.70408493849823,201,1.822837610468308e-06,1.822837610468308e-06,238.12468669097234,214,0.002434998967839767,0.002434998967839767,False
238.85828540818423,238.8568098241595,0.024785068469327338,238.82845438320186,238.88221409706773,4,"11,22,44,88",238.71789396531685,214,0.0005881060717123296,0.0005881060717123296,238.12468669097234,214,0.0030807335745240156,0.0030807335745240156,True
240.5146056420165,240.51374549098233,0.049674733838701406,240.44887403995767,240.57689663993875,4,"11,44,55,88",241.3130904595675,215,-0.0033089162963779338,0.0033089162963779338,240.70290658541148,215,-0.0007822960929977843,0.0007822960929977843,True
240.83028328876367,240.81835681087446,0.06823337168661575,240.6954605223184,240.89561863445886,6,"11,22,33,55,77,88",241.3130904595675,215,-0.0020007500209969714,0.0020007500209969714,240.70290658544963,219,0.0005291863946346773,0.0005291863946346773,False
241.04566904208775,241.05118112485053,0.05602261331008811,240.9732865262576,241.14769828806965,7,"22,33,44,55,66,77,88",241.3130904595675,215,-0.0011081927506313442,0.0011081927506313442,240.70290658544963,219,0.0014240063051189041,0.0014240063051189041,False
241.28849728549818,241.26876128282942,0.044453703376089976,241.1900917108715,241.3123514259139,7,"11,22,33,44,66,77,88",241.3130904595675,215,-0.0001019139658875246,0.0001019139658875246,240.70290658544963,219,0.0024328360149679824,0.0024328360149679824,False
247.33492469686004,247.3372685400375,0.03512401728934596,247.2590938679702,247.38352866874794,8,"11,22,33,44,55,66,77,88",247.39326081112185,220,-0.00023580316646678594,0.00023580316646678594,246.74011002722852,220,0.0024106930549957126,0.0024106930549957126,True
261.0399300857361,261.04927816976885,0.046751127142016534,260.9871850845418,261.1442919866535,7,"11,22,33,55,66,77,88",261.33308299881145,221,-0.0011217596704994268,0.0011217596704994268,260.65272467300383,243,0.001485522214348733,0.001485522214348733,False
261.3385452742927,261.33783852349256,0.010263965604682923,261.3241401180604,261.3500873305322,8,"11,22,33,44,55,66,77,88",261.3406889725059,222,-8.202695958465061e-06,8.202695958465061e-06,260.65272467300383,243,0.002631166054946283,0.002631166054946283,False
261.7477260924079,261.7415946795827,0.022752012260016705,261.70487565607016,261.76605087744485,4,"11,22,55,88",261.36581980398336,243,0.0014611944618885663,0.0014611944618885663,260.65272467300383,243,0.004200997402876876,0.004200997402876876,True
261.96490616902383,261.95909784162325,0.0337837513847164,261.90997662725965,261.99660240118584,4,"22,33,66,77",261.36581980398336,243,0.0022921373785209356,0.0022921373785209356,260.65272467300383,243,0.00503421361762541,0.00503421361762541,True
268.2649889500203,268.2614207516247,0.042558231092095236,268.1682816821981,268.32705452279026,8,"11,22,33,44,55,66,77,88",268.26442811031296,254,2.0906227162213066e-06,2.0906227162213066e-06,267.47652738748,254,0.002947778521881662,0.002947778521881662,True
268.50645021728394,268.4912647066841,0.06598320805348822,268.3994948282123,268.5892594589721,7,"22,33,44,55,66,77,88",268.26442811031296,254,0.0009021774100867984,0.0009021774100867984,267.47652738748,254,0.0038505166784669827,0.0038505166784669827,True
277.3986187741482,277.38800231266356,0.04723888644086757,277.31686932155674,277.4491686906658,7,"11,22,44,55,66,77,88",277.7357505441691,255,-0.0012138580264166904,0.0012138580264166904,276.9229769025268,271,0.0017175962678923004,0.0017175962678923004,False
277.7372822616748,277.74175306689585,0.013421650116115387,277.7278136385829,277.77283333717463,8,"11,22,33,44,55,66,77,88",277.7357505441691,255,5.5150174319019325e-06,5.5150174319019325e-06,276.9229769025268,271,0.0029405481923395877,0.0029405481923395877,False
277.91882466572497,277.931065115105,0.044094709107966,277.8723576421859,278.00383368749203,5,"11,22,33,44,77",277.7664992735877,271,0.0005483936779114934,0.0005483936779114934,276.9229769025268,271,0.003596118221525223,0.003596118221525223,True
278.2472453595898,278.2119334615136,0.08609367457600793,278.0600783286637,278.3134528480397,6,"11,22,33,55,66,88",277.7664992735877,271,0.0017307561828345012,0.0017307561828345012,276.9229769025268,271,0.004782082266612076,0.004782082266612076,True
286.4717853895586,286.47052489455865,0.049367964121077475,286.3995940981334,286.53893470098416,4,"22,55,77,88",287.3162082474715,272,-0.0029390018163735817,0.0029390018163735817,286.4089574053568,278,0.00021936459240308055,0.00021936459240308055,False
297.67248348038544,297.6627808364513,0.04212168657321021,297.5890075447899,297.71491682711365,5,"11,22,55,66,77",297.5694908849324,281,0.0003461127521734332,0.0003461127521734332,297.5781902591981,306,0.0003168687231588137,0.0003168687231588137,False
298.250373292535,298.2313430193481,0.07748842386552914,298.1017570083431,298.3253022850102,8,"11,22,33,44,55,66,77,88",298.5120439096341,282,-0.0008765831142755643,0.0008765831142755643,297.5781902591981,306,0.0022588450879126353,0.0022588450879126353,False
298.4434038372202,298.44927862184386,0.029134111801791755,298.40992637116716,298.4989786265317,8,"11,22,33,44,55,66,77,88",298.5120439096341,282,-0.000229940713663967,0.000229940713663967,297.5781902591981,306,0.0029075167681761175,0.0029075167681761175,False
298.933595264676,298.9321335491243,0.05021603629860456,298.85968823470233,299.0016554324427,4,"11,55,77,88",298.5547198670989,306,0.0012690316795049552,0.0012690316795049552,297.5781902591981,306,0.004554786102762819,0.004554786102762819,True
312.3468919834165,312.33967233454507,0.05350266857418886,312.2576769793538,312.4072283919935,4,"33,55,77,88",312.5430717454148,307,-0.0006276887243179097,0.0006276887243179097,311.4510170180272,319,0.0028764554181484174,0.0028764554181484174,False
313.0660036987427,313.0664889119651,0.020289446582805248,313.04280626541527,313.09114198495973,4,"11,22,77,88",312.58471162424604,319,0.0015397172561504074,0.0015397172561504074,311.4510170180272,319,0.005185363323511081,0.005185363323511081,True
316.98300797216143,316.98497528529265,0.06408594548671247,316.9090725575087,317.06481263933887,4,"33,44,55,66",319.3453662113192,320,-0.007397502795122785,0.007397502795122785,318.2171911885383,320,-0.003878430363134148,0.003878430363134148,True
317.58871486374596,317.5804583849537,0.04323293155143527,317.5121965598568,317.6322072524661,4,"33,66,77,88",319.3453662113192,320,-0.005500788592657358,0.005500788592657358,318.2171911885383,320,-0.001974991742102323,0.001974991742102323,True
318.21075394773925,318.21183369657194,0.06775600483624945,318.11749181020014,318.3083350806092,4,"11,55,66,77",319.3453662113192,320,-0.00355293166467655,0.00355293166467655,318.2171911885383,320,-2.0229079312246192e-05,2.0229079312246192e-05,True
318.50774105661156,318.50956496391376,0.031169030776178143,318.46867406684396,318.5541036755879,4,"22,44,55,88",319.3453662113192,320,-0.002622944446149662,0.002622944446149662,318.21719118858744,338,0.0009130552216204393,0.0009130552216204393,False
318.94345580283203,318.95099422048884,0.06221719688708029,318.8390181718168,319.07254984950424,8,"11,22,33,44,55,66,77,88",319.3453662113192,320,-0.0012585446698518414,0.0012585446698518414,318.21719118858744,338,0.002282292202793617,0.002282292202793617,False
319.24651698151337,319.24498792648114,0.039284561932384096,319.19813419623097,319.3272843581192,8,"11,22,33,44,55,66,77,88",319.3453662113192,320,-0.00030953707260119304,0.00030953707260119304,318.21719118858744,338,0.0032346643155300625,0.0032346643155300625,False
336.8278309175721,336.8617653596102,0.08075717423958512,336.7428103911817,336.96383309536674,7,"11,22,33,44,55,77,88",336.2972684987391,347,0.0015776590193595872,0.0015776590193595872,336.7687984926632,374,0.00017529065986249354,0.00017529065986249354,False
337.2086720752188,337.21620198202834,0.02216156231803766,337.1931047111899,337.24756574763063,7,"11,33,44,55,66,77,88",338.02709723179896,348,-0.002421182098365808,0.002421182098365808,336.7687984926632,374,0.0013061589568997202,0.0013061589568997202,False
337.51738723824855,337.52771138853734,0.060361345139687786,337.4535005556089,337.6345262562026,8,"11,22,33,44,55,66,77,88",338.02709723179896,348,-0.0015078968453256492,0.0015078968453256492,336.7687984926632,374,0.0022228565975705487,0.0022228565975705487,False
337.94443956359794,337.9472763146078,0.028831639131809503,337.90003133046224,338.0064808111955,8,"11,22,33,44,55,66,77,88",338.02709723179896,348,-0.00024452971042241914,0.00024452971042241914,336.7687984926632,374,0.0034909441616822728,0.0034909441616822728,False
338.15620645778324,338.16518706527523,0.03151407308512694,338.1148958258065,338.2168297225957,8,"11,22,33,44,55,66,77,88",338.0900174886772,374,0.00019577321329305973,0.00019577321329305973,336.7687984926632,374,0.0041197639785214395,0.0041197639785214395,True
338.63498026607397,338.6563395200594,0.06046971753133108,338.60156626611223,338.7538312819775,4,"22,33,77,88",338.0900174886772,374,0.0016118866254755408,0.0016118866254755408,336.7687984926632,374,0.005541433118993061,0.005541433118993061,True
350.5036677384159,350.5017187260493,0.05280093025135455,350.4251888019085,350.57435062545693,4,"11,22,33,77",350.7467686796966,375,-0.0006930953125976184,0.0006930953125976184,349.28007989207936,379,0.003503170998800221,0.003503170998800221,False
350.8559579583462,350.8711538989522,0.07828889218232868,350.76040326579397,351.0011960298963,5,"22,55,66,77,88",350.79400757087416,379,0.00017660047245686135,0.00017660047245686135,349.28007989207936,379,0.004511789125660324,0.004511789125660324,True
351.2572531627783,351.2372835267988,0.06951553862026047,351.0985342296193,351.31773687948777,6,"22,33,44,66,77,88",350.79400757087416,379,0.0013205630139235844,0.0013205630139235844,349.28007989207936,379,0.005660710084897582,0.005660710084897582,True
359.4248437683921,359.4206576084898,0.1159082459833418,359.21557867832837,359.5464248443999,5,"11,22,44,66,77",359.61441840923885,381,-0.0005271608454558522,0.0005271608454558522,358.0798986681966,395,0.0037559916242094152,0.0037559916242094152,False
359.8798564073778,359.88204673409,0.07339951975824661,359.7597686788066,359.9917654973379,7,"11,22,33,44,55,77,88",359.6768505654889,395,0.0005644117534107108,0.0005644117534107108,358.0798986681966,395,0.005026693053354188,0.005026693053354188,True
360.4543927014944,360.46731573204363,0.07746811571731206,360.366406646993,360.60765754967525,8,"11,22,33,44,55,66,77,88",359.6768505654889,395,0.0021617797608687265,0.0021617797608687265,361.98310277816176,396,-0.004223153138737079,0.004223153138737079,False
360.78878985849116,360.7797757977913,0.06446139846926963,360.6924556101278,360.8855340457264,5,"11,22,33,55,77",359.6768505654889,395,0.0030914952998894567,0.0030914952998894567,361.98310277816176,396,-0.003299360966035292,0.003299360966035292,False
361.1999135088348,361.1885370922285,0.0917286997818068,361.05530763723857,361.29324400215916,5,"33,44,55,66,77",359.6768505654889,395,0.004234531471656641,0.004234531471656641,361.98310277816176,396,-0.0021636072604386855,0.0021636072604386855,False
361.65451540850603,361.6624310613329,0.03542537454087898,361.6263325019952,361.71436092632433,4,"11,55,66,77",363.52549354313516,396,-0.005146759079792351,0.005146759079792351,361.98310277816176,396,-0.000907742287233523,0.000907742287233523,True
362.20505189120325,362.19419449303416,0.04615842027791317,362.10823979930825,362.24769687715974,5,"11,44,66,77,88",363.52549354313516,396,-0.0036323220114828627,0.0036323220114828627,361.98310277819996,416,0.0006131477168404925,0.0006131477168404925,False
362.4972946065513,362.5366841618383,0.07467315497860164,362.4430236207565,362.6386826213774,7,"11,22,33,44,55,66,77",363.52549354313516,396,-0.002828409437155083,0.002828409437155083,361.98310277819996,416,0.0014204857199270789,0.0014204857199270789,False
362.72564119807436,362.74298657045904,0.05461799950360608,362.6820472214208,362.81630713763144,5,"11,33,55,77,88",363.52549354313516,396,-0.0022002647937149154,0.0022002647937149154,361.98310277819996,416,0.0020513068543129556,0.0020513068543129556,False
363.34717841483734,363.355893021649,0.04638053324391009,363.304846005052,363.43288862046916,6,"11,33,44,55,66,88",363.52549354313516,396,-0.000490516157642332,0.000490516157642332,361.98310277819996,416,0.0037683406384667597,0.0037683406384667597,False
379.8339078721988,379.8294708949703,0.06162620607170096,379.7101433692621,379.89831982023816,8,"11,22,33,44,55,66,77,88",379.889672749145,417,-0.00014679229509629533,0.00014679229509629533,378.21315618063863,445,0.004285286392274668,0.004285286392274668,False
380.20216492577725,380.194213017709,0.06558496152126655,380.0757456309009,380.28013473703334,8,"11,22,33,44,55,66,77,88",379.983203106925,445,0.0005762407839660852,0.0005762407839660852,378.21315618063863,445,0.0052589623407723225,0.0052589623407723225,True
380.64285715178653,380.62054444249463,0.1124582684074304,380.42324527825684,380.7887402283439,8,"11,22,33,44,55,66,77,88",379.983203106925,445,0.0017360084326567761,0.0017360084326567761,378.21315618063863,445,0.006424157730746532,0.006424157730746532,True
381.31446544343453,381.31714845402865,0.08477558315411042,381.2044243047274,381.43523862451826,4,"11,44,55,77",379.983203106925,445,0.003503476800091461,0.003503476800091461,378.21315618063863,445,0.00819989789386035,0.00819989789386035,True
382.2903730147032,382.32262177128507,0.08662899559814086,382.2159148378569,382.4472595426109,5,"11,22,33,44,88",379.983203106925,445,0.0060717681437329795,0.0060717681437329795,386.246387537308,446,-0.010242204588185755,0.010242204588185755,False
382.72053563595426,382.7317376984671,0.10241271056685647,382.585784320219,382.8621552393887,5,"22,33,55,66,77",379.983203106925,445,0.007203825081339239,0.007203825081339239,386.246387537308,446,-0.009128504537827374,0.009128504537827374,False
383.92885733652054,383.93018521225986,0.05722716659837765,383.8539428734664,384.00472492427303,6,"11,22,33,44,55,66",379.983203106925,445,0.010383759590776644,0.010383759590776644,386.246387537308,446,-0.00600013430692247,0.00600013430692247,False
385.4752249878964,385.49213811821863,0.07645594421656995,385.4059485326257,385.612153964456,4,"22,33,66,77",388.1121978893308,446,-0.006794357187882826,0.006794357187882826,386.246387537308,446,-0.001996556017853013,0.001996556017853013,True
385.98658261090327,385.98687153238006,0.03250855031758445,385.9539735925283,386.0203473151856,4,"11,33,44,55",388.1121978893308,446,-0.005476806165812987,0.005476806165812987,386.246387537308,446,-0.000672640404642349,0.000672640404642349,True
387.2937997880337,387.28308499374816,0.06156991901862448,387.2174317149046,387.3839425723188,5,"33,44,66,77,88",388.1121978893308,446,-0.002108663695054598,0.002108663695054598,386.2463875373462,456,0.002711772289614556,0.002711772289614556,False
408.52868250219024,408.5258940324333,0.07943373039307948,408.4010736275554,408.6531044795737,6,"11,22,33,66,77,88",409.45710989875687,464,-0.0022674594581986807,0.0022674594581986807,408.1992979099806,503,0.0008069210160235841,0.0008069210160235841,False
408.92376296195613,408.9080162720853,0.08537704122190101,408.75865911872324,409.01440697705374,7,"11,22,33,44,55,77,88",409.45710989875687,464,-0.0013025709504290116,0.0013025709504290116,408.1992979099806,503,0.001774782699737257,0.001774782699737257,False
409.3408096225662,409.3129542865863,0.07631561447019701,409.1575670985321,409.37922070608755,8,"11,22,33,44,55,66,77,88",409.45710989875687,464,-0.000284035307677069,0.000284035307677069,408.1992979099806,503,0.002796456824963346,0.002796456824963346,False
409.7698109884286,409.7798267426614,0.07419915235042487,409.6717972168182,409.92910644655313,8,"11,22,33,44,55,66,77,88",409.53805364348796,480,0.0005658994149110522,0.0005658994149110522,408.1992979099806,503,0.0038474173926540127,0.0038474173926540127,False
410.17289865259875,410.1792018911524,0.050280736559919874,410.10368788828947,410.27845188104686,8,"11,22,33,44,55,66,77,88",410.29651862583063,481,-0.000301294228978378,0.000301294228978378,408.1992979099806,503,0.004834894995467093,0.004834894995467093,False
410.4199282447221,410.43199934373325,0.03628659576462665,410.38029961149044,410.49002648465404,7,"11,22,33,44,66,77,88",410.3968670461726,503,5.619243323050098e-05,5.619243323050098e-05,408.1992979099806,503,0.0054400640719161585,0.0054400640719161585,True
410.70830125296214,410.7210013631487,0.031037831131934885,410.69276024870976,410.791106985814,7,"11,33,44,55,66,77,88",410.3968670461726,503,0.000758861072773535,0.000758861072773535,408.1992979099806,503,0.006146515576650622,0.006146515576650622,True
411.1905488808755,411.17558965219985,0.08925042248346167,411.0395460945375,411.29051346451206,5,"22,33,66,77,88",410.3968670461726,503,0.0019339373626690332,0.0019339373626690332,408.1992979099806,503,0.00732791797097738,0.00732791797097738,True
423.25903815261864,423.2690451356416,0.12533147555883947,423.07114988865385,423.437674547524,6,"11,22,33,55,77,88",424.1006568488908,507,-0.0019844786436443813,0.0019844786436443813,421.9010412658473,537,0.0032187568978186854,0.0032187568978186854,False
423.7859048040669,423.81376153329006,0.08910093223841627,423.72196111340577,423.95501622453264,8,"11,22,33,44,55,66,77,88",424.1006568488908,507,-0.0007421635400486566,0.0007421635400486566,421.9010412658473,537,0.004467548912807472,0.004467548912807472,False
424.16600114359574,424.179060843038,0.026957121744906064,424.1443694063257,424.2171144676613,8,"11,22,33,44,55,66,77,88",424.16497717757585,518,2.414074888265989e-06,2.414074888265989e-06,421.9010412658473,537,0.0053684624028250095,0.0053684624028250095,False
443.32940700434864,443.3224677774997,0.14204422451767554,443.11491821427137,443.51613888703025,4,"22,33,55,66",443.0428437815287,550,0.0006468070229371743,0.0006468070229371743,440.305722365791,550,0.006867239022720854,0.006867239022720854,True
443.86767050289006,443.85978972040175,0.13073872996716537,443.6663090052624,444.0477021248256,7,"22,33,44,55,66,77,88",443.0428437815287,550,0.0018617312816096646,0.0018617312816096646,440.305722365791,550,0.008089715750139479,0.008089715750139479,True
444.3357585899553,444.32857029097494,0.11559792145814421,444.1381772785418,444.48478013289923,6,"11,22,33,55,66,77",443.0428437815287,550,0.0029182613523132403,0.0029182613523132403,440.305722365791,550,0.009152813646188035,0.009152813646188035,True
446.68520316226403,446.68533827707097,0.0772107729233065,446.58181088309686,446.78913590065906,4,"11,33,66,88",443.0428437815287,550,0.008221235105947106,0.008221235105947106,440.305722365791,550,0.014488752865158522,0.014488752865158522,True
447.24930600620075,447.2364516032149,0.1348810357259331,447.03494981976803,447.41224458068996,4,"22,44,66,88",443.0428437815287,550,0.009494481817533516,0.009494481817533516,440.305722365791,550,0.015769914601839487,0.015769914601839487,True
457.71599885984415,457.76205173565285,0.08884317509134254,457.6812095715129,457.9282474776062,5,"22,33,44,55,66",459.6476568608824,551,-0.004202475466165404,0.004202475466165404,456.846686801141,575,0.0019028529347341941,0.0019028529347341941,False
460.0775983808161,460.10118110090224,0.07407142314357854,460.02775823659954,460.22176940537724,4,"22,33,77,88",459.80280681891736,575,0.0005976291528097257,0.0005976291528097257,459.18005391414033,594,0.0019546678019328363,0.0019546678019328363,False
460.54641141579873,460.5043907651041,0.1069835477763348,460.31624594059895,460.6188323654851,5,"11,22,66,77,88",459.80280681891736,575,0.0016172250057060224,0.0016172250057060224,459.18005391414033,594,0.0029756464594036724,0.0029756464594036724,False
460.96745670972143,460.9792311334857,0.0729943114439091,460.8664373240813,461.10629117537906,6,"22,33,44,55,66,77",462.05270074393167,576,-0.0023487451376497273,0.0023487451376497273,459.18005391414033,594,0.003892596771887044,0.003892596771887044,False
462.66153090468714,462.6449620574638,0.11228049434807084,462.49782416162327,462.75896225885765,4,"11,22,33,66",462.20110443207676,594,0.0009961604768905128,0.0009961604768905128,463.34360859735295,595,-0.0014720774820453858,0.0014720774820453858,False
466.440708158448,466.4323520658922,0.08467715838617644,466.29684800675614,466.5477080233619,6,"11,22,33,44,55,77",466.4336044820304,600,1.52297697879268e-05,1.52297697879268e-05,467.82321995303835,604,-0.0029552013145673663,0.0029552013145673663,False
466.97366504378783,466.9575938920581,0.09544241031550547,466.82395828043843,467.10040218878885,5,"11,22,33,77,88",466.49464074934076,603,0.0010268591589339688,0.0010268591589339688,467.82321995303835,604,-0.001815974224912982,0.001815974224912982,False
467.42638534395405,467.42351980159253,0.07183413214636404,467.32314470508857,467.5181638133737,4,"22,55,66,77",466.49464074934076,603,0.0019973318302577065,0.0019973318302577065,467.82321995303835,604,-0.0008482576156098661,0.0008482576156098661,False
467.9447258884037,467.9535082980222,0.0982877087845803,467.8244455823441,468.07758761681316,5,"11,33,44,55,88",466.49464074934076,603,0.003108471164285255,0.003108471164285255,467.823219953082,636,0.0002597261746304059,0.0002597261746304059,False
468.5826348046289,468.59323931438615,0.09462707353718114,468.4744720307051,468.73321561758166,4,"33,44,77,88",466.49464074934076,603,0.004475922921502747,0.004475922921502747,467.823219953082,636,0.0016232944820974964,0.0016232944820974964,False
469.23683217194315,469.23061133261905,0.027779468495126483,469.188728811848,469.260052174742,4,"11,22,44,66",470.67732195034705,604,-0.0030604614057778245,0.0030604614057778245,467.823219953082,636,0.003021680324039747,0.003021680324039747,False
469.69702416445296,469.64806283150494,0.10520906551112043,469.4679361053096,469.73026689180426,4,"22,33,55,77",470.67732195034705,604,-0.002082738513578755,0.002082738513578755,467.823219953082,636,0.004005368120801863,0.004005368120801863,False
470.77456177895954,470.7958800682958,0.055396753270969996,470.7372701747993,470.88723537817816,5,"11,22,33,55,66",470.7746322556773,613,-1.4970372860393404e-07,1.4970372860393404e-07,467.823219953082,636,0.006308668958700948,0.006308668958700948,False
471.06052771544825,471.0756448357676,0.0498138271387802,471.0279149588896,471.15360895328445,4,"33,44,77,88",470.8978956586168,636,0.00034536586026571997,0.00034536586026571997,467.823219953082,636,0.006919938182399138,0.006919938182399138,True
502.0303418462348,501.97384858787944,0.13720837852701082,501.6983573765352,502.13932502659225,8,"11,22,33,44,55,66,77,88",500.8325370450542,657,0.0023916273656015615,0.0023916273656015615,497.0825432941921,657,0.009953675941330429,0.009953675941330429,True
502.8060477793221,502.8033318740181,0.12882678358617697,502.51336781744726,502.9394406922204,8,"11,22,33,44,55,66,77,88",500.8325370450542,657,0.0039404603101702435,0.0039404603101702435,507.9081236970819,658,-0.010045273307742367,0.010045273307742367,False
503.7820549434103,503.74252867586483,0.08180060197341119,503.6024416061655,503.8035632104734,4,"33,55,66,88",500.8325370450542,657,0.005889229792773514,0.005889229792773514,507.9081236970819,658,-0.008123651820407647,0.008123651820407647,False
504.27289077274486,504.25400342076625,0.08923178806888538,504.11623314208464,504.38996729228154,5,"11,22,33,66,77",500.8325370450542,657,0.006869269612531503,0.006869269612531503,507.9081236970819,658,-0.0071572647782753825,0.0071572647782753825,False
510.04940314150707,510.01874108477637,0.11379607502358395,509.8413034463241,510.1348546097671,4,"11,22,66,88",511.5829475031553,658,-0.002997645580512202,0.002997645580512202,507.90812369714195,684,0.004215879495642677,0.004215879495642677,False
511.5333060289182,511.4951882346164,0.09218177152066442,511.36177343251904,511.6137768041274,5,"22,44,55,77,88",511.5829475031553,658,-9.70350448140875e-05,9.70350448140875e-05,513.598907628681,685,-0.004021818522355872,0.004021818522355872,False
512.0836976640138,512.109581865281,0.09653768827406113,511.99113951088236,512.2778870116555,7,"11,22,33,55,66,77,88",511.8046084660148,684,0.0005453041910573523,0.0005453041910573523,513.598907628681,685,-0.0029501814395653603,0.0029501814395653603,False
512.4229684950938,512.4438224641648,0.09043750835155497,512.3270372141756,512.5814914294776,7,"11,22,33,44,55,66,77",511.8046084660148,684,0.001208195508305958,0.001208195508305958,513.598907628681,685,-0.0022896059865403946,0.0022896059865403946,False
512.8804727569379,512.9050782984098,0.11959761189446211,512.7440244797872,513.1207879777354,6,"22,44,55,66,77,88",511.8046084660148,684,0.002102099655076762,0.002102099655076762,513.598907628681,685,-0.001398824765925061,0.001398824765925061,False
513.4936281516831,513.5035156538735,0.1279691524485407,513.3280874881787,513.7487632935806,7,"11,22,33,44,55,66,77",511.8046084660148,684,0.0033001259811446418,0.0033001259811446418,513.598907628681,685,-0.00020498384134808498,0.00020498384134808498,False
513.8657849686052,513.8836255501863,0.04915885053512254,513.840010323214,513.9772997678856,5,"22,33,66,77,88",511.8046084660148,684,0.004027272260732812,0.004027272260732812,513.5989076287435,705,0.0005196220940069069,0.0005196220940069069,False
514.7637162791807,514.7201913850466,0.10781860810827079,514.5436440621663,514.8273524279972,6,"11,22,33,66,77,88",517.4534743474883,685,-0.005198067462392407,0.005198067462392407,513.5989076287435,705,0.0022679344389867078,0.0022679344389867078,False
515.742446870729,515.734732484136,0.1342454877498452,515.5616682411102,515.892367953976,4,"22,33,44,88",517.4534743474883,685,-0.0033066305698630054,0.0033066305698630054,515.9713010939608,706,-0.000443540605352616,0.000443540605352616,False
516.4294588682033,516.4604049048133,0.12287777957744923,516.3246350857096,516.6580667971372,4,"33,44,66,77",517.4534743474883,685,-0.001978951789967814,0.001978951789967814,515.9713010940236,740,0.0008879520492868754,0.0008879520492868754,False
518.3485448574992,518.332798824467,0.0765426946829961,518.1674001510602,518.4273813376958,7,"11,22,33,55,66,77,88",517.6587888042019,705,0.0013324530911387256,0.0013324530911387256,515.9713010940236,740,0.0046073178070855135,0.0046073178070855135,False
518.7109432008127,518.7084536664366,0.0483727218466121,518.6409590299892,518.7968859591128,7,"11,22,33,44,55,66,77",519.7019180913085,706,-0.0019068139947131027,0.0019068139947131027,515.9713010940236,740,0.0053096792418109405,0.0053096792418109405,False
519.2745030332424,519.2996723814532,0.10915106839161454,519.1552490269426,519.4584581630319,6,"22,33,44,55,77,88",519.7019180913085,706,-0.0008224234762031856,0.0008224234762031856,515.9713010940236,740,0.006401910207437723,0.006401910207437723,False
520.0639620755223,520.0425720369117,0.07924393675818181,519.9161916292185,520.1261723673837,4,"33,55,66,77",519.9944514999032,740,0.0001336756102274153,0.0001336756102274153,515.9713010940236,740,0.007931954689768584,0.007931954689768584,True
520.6185308703496,520.6233672167833,0.1133660553266153,520.4714540392571,520.7611058064534,5,"22,33,44,55,77",519.9944514999032,740,0.0012001654414700129,0.0012001654414700129,524.6184403823643,741,-0.007624416536138924,0.007624416536138924,False
522.6634642306963,522.6516474703466,0.05571531318881374,522.5669134736025,522.712747946391,4,"22,55,77,88",519.9944514999032,740,0.005132771557647167,0.005132771557647167,524.6184403823643,741,-0.0037264724248791876,0.0037264724248791876,False
524.6187767491668,524.6165029271482,0.05944691771051067,524.5304958432882,524.6979623669707,4,"11,22,77,88",528.7539559567656,741,-0.00782061138458295,0.00782061138458295,524.6184403824052,751,6.411645793443199e-07,6.411645793443199e-07,False
525.2828112985674,525.2688605424155,0.10149985552539117,525.1495919147817,525.4198436326749,5,"11,22,33,55,77",528.7539559567656,741,-0.006564763476648203,0.006564763476648203,524.6184403824052,751,0.001266388798071788,0.001266388798071788,False
525.879442087245,525.8948800496202,0.13632769909252523,525.7197265101047,526.1009095138858,4,"33,44,55,66",528.7539559567656,741,-0.00543639217662063,0.00543639217662063,524.6184403824052,751,0.0024036549380930215,0.0024036549380930215,False
526.5785599962485,526.5681068814331,0.14552886488453984,526.3546144376139,526.7606930956214,4,"11,66,77,88",528.7539559567656,741,-0.004114193257581948,0.004114193257581948,524.6184403824052,751,0.0037362766211849474,0.0037362766211849474,False
527.0716119946607,527.0797735967662,0.11768895393085774,526.8989377020015,527.296942972366,6,"11,22,33,44,55,66",528.7539559567656,741,-0.003181714185118072,0.003181714185118072,524.6184403824052,751,0.004676106334476715,0.004676106334476715,False
547.4038662028734,547.3404154006028,0.15616950824794265,547.0820441639216,547.4718850327426,4,"22,33,55,77",547.7008030509086,752,-0.0005421515659300864,0.0005421515659300864,543.0879277215183,758,0.00794703446910007,0.00794703446910007,False
549.6692447885891,549.6160116717214,0.13139556436325237,549.3929194536847,549.7326376560226,4,"22,66,77,88",547.8605583286479,758,0.0033013627873832592,0.0033013627873832592,553.1646458380828,759,-0.006318916213811746,0.006318916213811746,False
559.289877854682,559.2511220668325,0.1790254141797206,558.9403809316846,559.481570319576,5,"33,44,55,77,88",558.1325621511525,761,0.0020735498732935885,0.0020735498732935885,561.3681071068536,779,-0.003702079305648907,0.003702079305648907,False
561.2272199034637,561.2249084221219,0.13487845035837298,561.0748367912234,561.3703570903369,4,"11,22,44,77",561.3699328326527,762,-0.0002542226094455216,0.0002542226094455216,561.3681071068536,779,-0.0002509711570825823,0.0002509711570825823,False
561.5872025628228,561.5864570611554,0.06208811831955929,561.5097537416449,561.6616693773312,4,"33,44,66,88",561.5760505236557,776,1.9858466465383476e-05,1.9858466465383476e-05,561.3681071069243,807,0.00039028839209908527,0.00039028839209908527,False
562.0257345302623,562.0230702188558,0.10703794810972125,561.8717451485167,562.1690666663816,4,"22,33,55,66",561.6299246895236,778,0.0007047520499508922,0.0007047520499508922,561.3681071069243,807,0.001171472719971853,0.001171472719971853,False
562.5252916455605,562.5121139973123,0.11947357531081712,562.3336136022909,562.6642590958371,4,"11,44,66,88",561.6299246895236,778,0.001594229432364905,0.001594229432364905,561.3681071069243,807,0.002061364947502808,0.002061364947502808,False
562.9699606707075,562.9529379812101,0.05448329929171492,562.8682713842342,563.0035591991913,4,"22,44,66,77",561.6299246895236,778,0.002385976819031944,0.002385976819031944,561.3681071069243,807,0.0028534815988006342,0.0028534815988006342,False
563.5478723731213,563.5615965297529,0.09884408785629298,563.4051509290192,563.6992790630658,5,"11,33,44,55,88",561.6299246895236,778,0.0034149670437486,0.0034149670437486,561.3681071069243,807,0.0038829517363048937,0.0038829517363048937,False
564.9183402477129,564.9516087496703,0.09673662936960689,564.8395622997556,565.1247598684154,5,"33,55,66,77,88",566.1455384946005,779,-0.002167637406718369,0.002167637406718369,566.3376186511352,808,-0.0025060641509259255,0.0025060641509259255,False
565.4498889442592,565.481738467713,0.12583410220782437,565.3461344368895,565.6763712667558,5,"11,33,44,55,66",566.1455384946005,779,-0.0012287468557838103,0.0012287468557838103,566.3376186511352,808,-0.0015674920359173114,0.0015674920359173114,False
566.6090365652951,566.6228822225772,0.06895529317920965,566.5477765363204,566.7256792233981,4,"11,22,66,77",566.498377962063,807,0.00019533789951909185,0.00019533789951909185,566.337618651198,844,0.00047925107772911685,0.00047925107772911685,False
567.2322275810291,567.2770563533518,0.0701423308497868,567.2109174935077,567.3722898517068,5,"11,22,44,55,66",566.498377962063,807,0.0012954134513252977,0.0012954134513252977,566.337618651198,844,0.001579638894484328,0.001579638894484328,False
570.0112460964142,570.0676697597411,0.1653142719492787,569.8230143469445,570.2705712801497,5,"22,33,44,55,88",571.092656477407,808,-0.001893581310716039,0.001893581310716039,570.5663515557922,845,-0.0009729025517616334,0.0009729025517616334,False
570.6883657230604,570.6483471126355,0.14551354365832334,570.4522075870358,570.8654351175211,7,"11,22,44,55,66,77,88",571.092656477407,808,-0.000707924974627223,0.000707924974627223,570.5663515558549,867,0.00021384746379243182,0.00021384746379243182,False
571.4061341654542,571.3598909249475,0.16139546722536313,571.075465843151,571.6210543373312,7,"11,22,33,44,55,66,88",571.409152479494,839,-5.282229076427427e-06,5.282229076427427e-06,570.5663515558549,867,0.0014718404043794848,0.0014718404043794848,False
571.9805697205547,571.9541222097566,0.1273212814616975,571.7594771693388,572.1597539403297,7,"11,22,33,44,66,77,88",571.4959269401331,844,0.0008480249072227907,0.0008480249072227907,570.5663515558549,867,0.0024786217428410503,0.0024786217428410503,False
572.8176868055223,572.8550692936499,0.08178301913748753,572.7733387795631,572.9885765776504,5,"11,22,33,44,77",571.4959269401331,844,0.002312807148890845,0.002312807148890845,570.5663515558549,867,0.0039457904300319955,0.0039457904300319955,False
573.524704295517,573.4634072765487,0.17657756862660406,573.1238175541291,573.617909395014,5,"11,44,66,77,88",571.4959269401331,844,0.0035499419326507865,0.0035499419326507865,570.5663515558549,867,0.005184940772611488,0.005184940772611488,False
573.9039628183796,573.9336556787417,0.11838965121174637,573.7711772615164,574.1540423102111,6,"11,22,33,55,66,77",575.6733242164286,845,-0.003073551133287871,0.003073551133287871,570.5663515558549,867,0.005849646151448398,0.005849646151448398,False
574.5318250526568,574.4870873072057,0.09218482045445094,574.343438007288,574.59787856208,7,"11,22,33,44,55,66,88",575.6733242164286,845,-0.001982893970856638,0.001982893970856638,570.5663515558549,867,0.006950065467387995,0.006950065467387995,False
574.9677030651043,574.9854585226848,0.08358964361085326,574.8852029789423,575.1212126344351,6,"11,33,44,55,66,77",575.6733242164286,845,-0.0012257318893223734,0.0012257318893223734,570.5663515558549,867,0.0077140046854278985,0.0077140046854278985,False
575.5993396218987,575.6355740158268,0.12150304382408121,575.4701039791369,575.8294294985874,6,"11,33,44,66,77,88",575.6733242164286,845,-0.00012851836522139443,0.00012851836522139443,570.5663515558549,867,0.008821039047114402,0.008821039047114402,False
594.4653234367862,594.4706772573152,0.02258101605630452,594.4447616141946,594.5025403265864,8,"11,22,33,44,55,66,77,88",594.4605996630536,874,7.946319293993282e-06,7.946319293993282e-06,588.6819130791828,880,0.009824338456998781,0.009824338456998781,False
594.9424118578218,594.9226697423366,0.07190320356612617,594.8105818501392,594.9952734035636,4,"11,55,66,77",594.662606874228,880,0.0004705272878422776,0.0004705272878422776,588.6819130791828,880,0.010634773448181149,0.010634773448181149,True
620.5655729109269,620.5463560379897,0.1439672497578454,620.2921552229806,620.7403836667685,6,"22,33,44,55,77,88",618.055628662657,889,0.004061032910097263,0.004061032910097263,618.9151356762131,978,0.002666661614133142,0.002666661614133142,False
621.7140735220314,621.629119011429,0.16317572151039772,621.3790432616685,621.8161079746257,6,"22,33,44,55,77,88",623.3283969500599,890,-0.0025898441911636396,0.0025898441911636396,618.9151356762131,978,0.0045223289664102564,0.0045223289664102564,False
622.1877131920338,622.2756589576114,0.15748963052264114,622.0789505816647,622.4649041784743,5,"11,22,33,44,88",623.3283969500599,890,-0.0018299884356422912,0.0018299884356422912,618.9151356762131,978,0.0052876029800840545,0.0052876029800840545,False
622.6492552115348,622.6430291097435,0.07882345352362373,622.5513557658592,622.7373822682239,5,"11,22,55,66,77",623.3283969500599,890,-0.0010895408292773958,0.0010895408292773958,625.6403240364571,979,-0.00478081208964404,0.00478081208964404,False
623.2333433270687,623.2386410777472,0.10422790451119482,623.066094840843,623.3834220094739,7,"11,22,33,44,66,77,88",623.3283969500599,890,-0.00015249365094906867,0.00015249365094906867,625.6403240364571,979,-0.0038472275793528885,0.0038472275793528885,False
623.9673774158186,624.0080840620856,0.11499120207936993,623.8592408098177,624.1955163315989,8,"11,22,33,44,55,66,77,88",623.8529862410077,920,0.00018336239039302136,0.00018336239039302136,625.6403240364571,979,-0.002673975056219247,0.002673975056219247,False
624.5522879219855,624.5376741750398,0.08484122302020936,624.4263596447772,624.6440805446193,8,"11,22,33,44,55,66,77,88",624.9424921007824,921,-0.0006243841373071398,0.0006243841373071398,625.6403240364571,979,-0.001739076067622848,0.001739076067622848,False
624.9494056537455,624.9934954923336,0.08148850860645593,624.9133025997156,625.1183753243113,7,"11,22,33,44,55,66,88",624.9424921007824,921,1.1062702649533547e-05,1.1062702649533547e-05,625.6403240364571,979,-0.00110433799767557,0.00110433799767557,False
632.8635891020863,632.8472726359342,0.17999924116499155,632.5783838142718,633.083528525293,4,"11,44,66,77",632.6142532992976,983,0.0003941356071070066,0.0003941356071070066,631.6546816697212,1009,0.001913873936894537,0.001913873936894537,False
633.4120714141089,633.3767919256,0.10076916427424831,633.213211678886,633.5083381579635,5,"22,33,55,66,88",632.6142532992976,983,0.0012611447033487296,0.0012611447033487296,631.6546816697212,1009,0.002782200140972996,0.002782200140972996,False
634.5855396878883,634.5663004190172,0.11951931074453141,634.3579269378666,634.732747087856,6,"22,44,55,66,77,88",632.6142532992976,983,0.003116095437796009,0.003116095437796009,631.6546816697212,1009,0.004639968804505091,0.004639968804505091,False
635.2637204866298,635.2688640415735,0.20304671737569918,634.8671614844118,635.5779827127975,7,"11,22,33,44,55,66,88",636.7360912116006,984,-0.0023123720255422146,0.0023123720255422146,631.6546816697212,1009,0.005713626324067587,0.005713626324067587,False
636.0989150521114,636.0618997380196,0.11983282158135096,635.7617865344973,636.1617426075788,8,"11,22,33,44,55,66,77,88",636.7360912116006,984,-0.0010006911313552966,0.0010006911313552966,631.6546816697212,1009,0.007035859166977506,0.007035859166977506,False
636.4502267135848,636.4698217288409,0.060615651615315846,636.365218953906,636.553609338237,7,"11,33,44,55,66,77,88",636.7360912116006,984,-0.00044895287382229964,0.00044895287382229964,631.6546816697212,1009,0.007592035938350117,0.007592035938350117,False
636.9743430859294,636.9667814772214,0.10619204448125236,636.8505253196057,637.1332594829255,5,"22,33,66,77,88",636.9744451345896,1001,-1.6020840551706537e-07,1.6020840551706537e-07,631.6546816697212,1009,0.008421787363541983,0.008421787363541983,False
662.0365498166962,662.0928831701432,0.11854255696034044,662.0021014198078,662.2963316273728,4,"11,22,33,88",663.003027818002,1010,-0.001457727884722666,0.001457727884722666,655.5062329915959,1024,0.009962249779528786,0.009962249779528786,False
663.2717572162903,663.3068467522909,0.09580356934878043,663.1962378661212,663.5166816980516,8,"11,22,33,44,55,66,77,88",663.2533028102267,1019,2.7824069605692453e-05,2.7824069605692453e-05,655.5062329915959,1024,0.01184660623172748,0.01184660623172748,False
663.6930842495065,663.7303150762293,0.10172652866480235,663.6228331807439,663.9235325262717,6,"11,33,55,66,77,88",663.4971494228939,1024,0.00029530620709215094,0.00029530620709215094,655.5062329915959,1024,0.012489356844934131,0.012489356844934131,True
664.2308071817156,664.3205811577416,0.16964106821183322,664.1146389922844,664.5525542490154,5,"11,44,55,66,88",663.4971494228939,1024,0.00110574364857452,0.00110574364857452,655.5062329915959,1024,0.013309673884110217,0.013309673884110217,True
682.2341205453457,682.2336359567796,0.09063594833886429,682.0943473578747,682.4130426854007,8,"11,22,33,44,55,66,77,88",681.9487491943968,1065,0.0004184645125987131,0.0004184645125987131,682.659327233263,1099,-0.0006228680557849418,0.0006228680557849418,False
682.9349967569879,682.9171960490505,0.08772848698163371,682.73048537458,683.0349588364876,8,"11,22,33,44,55,66,77,88",683.2884149569597,1066,-0.0005172313656073705,0.0005172313656073705,682.6593272333039,1109,0.0004038171203215116,0.0004038171203215116,False
683.2507357536567,683.2961845984356,0.10985745106195038,683.233840573372,683.5404829055246,6,"22,33,44,66,77,88",683.2884149569597,1066,-5.514392235874163e-05,5.514392235874163e-05,683.4443000556805,1110,-0.0002832188402303126,0.0002832188402303126,False
683.643140313511,683.694800445024,0.08177357573462504,683.5975229242312,683.8129327544574,7,"11,22,33,44,55,66,77",683.6379700106431,1085,7.562925253866864e-06,7.562925253866864e-06,683.4443000557267,1130,0.00029093849750175894,0.00029093849750175894,False
684.1740705580444,684.2108957688006,0.10854946625255976,684.07566346982,684.3526237626387,5,"11,22,44,77,88",683.872381900174,1098,0.00044114759691293414,0.00044114759691293414,683.4443000557267,1130,0.0010677834349605401,0.0010677834349605401,False
693.5349226849839,693.5412374197364,0.13219585001617845,693.3703733056163,693.7384522335742,5,"11,33,44,77,88",692.2651011593885,1130,0.0018342994951916882,0.0018342994951916882,692.067801694858,1157,0.002119909330463044,0.002119909330463044,False
695.6858658763563,695.6502885646245,0.1576878757472675,695.4456087373153,695.8594101218035,6,"11,22,44,55,66,77",692.2651011593885,1130,0.00494140858933783,0.00494140858933783,692.067801694858,1157,0.005227904220710394,0.005227904220710394,False
696.8387170148313,696.8575162357635,0.06077330830357229,696.8067535134203,696.971514590286,5,"11,22,55,77,88",700.6126109907435,1131,-0.005386563011726959,0.005386563011726959,701.0190141478442,1158,-0.005963172251603568,0.005963172251603568,False
697.7212211997901,697.6573755004977,0.178685710977319,697.3597744303377,697.8272851720731,4,"22,33,55,88",700.6126109907435,1131,-0.004126945112884416,0.004126945112884416,701.0190141478442,1158,-0.004704284593568335,0.004704284593568335,False
698.2318613495254,698.2582127582403,0.1080236219507655,698.0965858328137,698.3870533760931,5,"11,22,44,77,88",700.6126109907435,1131,-0.0033980970423177054,0.0033980970423177054,701.0190141478442,1158,-0.00397585905955334,0.00397585905955334,False
698.6885620789278,698.7088923824107,0.11335331578590645,698.5996008168062,698.9458905284527,6,"22,33,44,55,66,77",700.6126109907435,1131,-0.0027462379089849462,0.0027462379089849462,701.0190141478442,1158,-0.003324377829821516,0.003324377829821516,False
699.5172825861298,699.4667387245561,0.16883600509795008,699.0755295409328,699.6502976205148,8,"11,22,33,44,55,66,77,88",700.6126109907435,1131,-0.0015633866525251508,0.0015633866525251508,701.0190141478442,1158,-0.0021422123100896897,0.0021422123100896897,False
700.0342653448897,700.0243695413718,0.1132839151834648,699.8766292003268,700.18782094213,6,"11,33,55,66,77,88",700.6126109907435,1131,-0.0008254856346875582,0.0008254856346875582,701.0190141478442,1158,-0.0014047390770870658,0.0014047390770870658,False
702.6130257620936,702.5984278452422,0.18676511082651456,702.2060230646723,702.7763979426483,7,"11,22,33,44,66,77,88",701.1316604582288,1157,0.0021128204407380806,0.0021128204407380806,701.0190141478715,1164,0.0022738493279809992,0.0022738493279809992,False
704.9559935610615,704.916485385035,0.13294709094299179,704.7072254203671,705.0467289976498,4,"22,33,44,77",701.1316604582288,1157,0.005454514919969965,0.005454514919969965,701.0190141478715,1164,0.005616080782025022,0.005616080782025022,False
738.4873038955598,738.4447245012768,0.16655484049664934,738.206017057788,738.7052246315537,7,"11,22,44,55,66,77,88",740.0354518116177,1185,-0.002091991555631611,0.002091991555631611,736.0042582133806,1262,0.0033736838536867577,0.0033736838536867577,False
739.1428468381577,739.1106713233511,0.05197326745058681,739.0313908936217,739.1636171607962,5,"22,33,55,66,88",740.0354518116177,1185,-0.0012061651523247003,0.0012061651523247003,736.0042582133806,1262,0.004264362046485795,0.004264362046485795,False
739.805811391727,739.798136075905,0.14122690466368026,739.6121072721822,740.0102426620067,6,"11,22,33,44,55,66",740.0354518116177,1185,-0.0003103100254568614,0.0003103100254568614,736.0042582133806,1262,0.005165123891503804,0.005165123891503804,False
740.5314372539015,740.5482290442079,0.0991930382556467,740.3795678924995,740.6915700610007,7,"11,22,33,44,66,77,88",740.541081548348,1210,-1.3023307803988251e-05,1.3023307803988251e-05,736.0042582133806,1262,0.006151022891512088,0.006151022891512088,False
741.1987285090604,741.2220419456554,0.13550700911870153,741.0290268931059,741.4406831778441,8,"11,22,33,44,55,66,77,88",740.9169041602477,1227,0.00038037241049608967,0.00038037241049608967,736.0042582133806,1262,0.007057663373156535,0.007057663373156535,False
741.8263752116945,741.856188376699,0.15358652342086285,741.682386050982,742.1677725735883,8,"11,22,33,44,55,66,77,88",740.9169041602477,1227,0.0012274939960745833,0.0012274939960745833,736.0042582133806,1262,0.007910439285292864,0.007910439285292864,False
742.7370639054583,742.7148580476403,0.1544897048769817,742.4452147650599,742.9245379416725,5,"11,33,44,55,66",740.9169041602477,1227,0.002456631418436294,0.002456631418436294,736.0042582133806,1262,0.009147780895210181,0.009147780895210181,False
743.54642421383,743.4851646066013,0.19480376735832394,743.1109621341503,743.6754257314419,6,"11,22,33,55,77,88",745.8103568242743,1228,-0.003035533885697558,0.003035533885697558,750.8290089715997,1263,-0.009699391833227797,0.009699391833227797,False
744.2979152775961,744.3128833212775,0.24271774128829204,743.9411087013508,744.6088115905994,5,"44,55,66,77,88",745.8103568242743,1228,-0.0020279170607369343,0.0020279170607369343,750.8290089715997,1263,-0.00869851006815677,0.00869851006815677,False
745.0152682168435,745.0052016384441,0.13536865058777597,744.8063791690929,745.2152108726666,5,"22,33,44,55,88",745.8103568242743,1228,-0.0010660734329519656,0.0010660734329519656,750.8290089715997,1263,-0.007743095545441391,0.007743095545441391,False
750.3614456724799,750.3640073730488,0.16104725876929646,750.1511075654159,750.5820305818197,4,"11,22,33,77",746.6651692459614,1262,0.004950380141946835,0.004950380141946835,750.8290089715997,1263,-0.0006227294011457942,0.0006227294011457942,False
752.2635132291784,752.2554165117003,0.21266244651760371,751.9556384891949,752.5390010992498,4,"11,44,55,77",746.6651692459614,1262,0.00749779715701848,0.00749779715701848,750.8290089716406,1285,0.0019105605143074492,0.0019105605143074492,False
754.4632790099267,754.4665484975814,0.1744912573369339,754.2882839190646,754.6513520514071,4,"44,55,66,88",761.4880493629989,1263,-0.009225056596684045,0.009225056596684045,756.5664525443879,1286,-0.0027798926682355467,0.0027798926682355467,False
755.3408052087273,755.2961961929674,0.21548910952750996,754.9956395168265,755.5930002862951,5,"11,22,33,66,88",761.4880493629989,1263,-0.008072673181692053,0.008072673181692053,756.5664525443879,1286,-0.0016200127980016239,0.0016200127980016239,False
756.1202012731246,756.1797908252207,0.1541104248969572,756.0401389324176,756.4386218222163,4,"11,22,44,88",761.4880493629989,1263,-0.0070491560496118546,0.0070491560496118546,756.5664525443879,1286,-0.0005898375083410858,0.0005898375083410858,False
759.5205038848808,759.4738123812181,0.09193645164499693,759.3151274812134,759.5391142738974,4,"22,33,66,88",761.4880493629989,1263,-0.002583816620318662,0.002583816620318662,756.6828219809179,1327,0.0037501603334064637,0.0037501603334064637,False
763.5086150591073,763.5263199666861,0.12080355096149892,763.378252975954,763.7097967725758,4,"11,22,44,77",762.1885467855128,1285,0.0017319445157787305,0.0017319445157787305,756.6828219809179,1327,0.009020679312264863,0.009020679312264863,False
765.0615370332853,765.0682925583034,0.05253284816764738,765.0007929321562,765.1344050254615,7,"11,33,44,55,66,77,88",767.441366641111,1286,-0.003100992090433734,0.003100992090433734,756.6828219809179,1327,0.011072955284530952,0.011072955284530952,False
765.5544879940103,765.5431508626054,0.0891802511996397,765.4245072274122,765.6800683956815,8,"11,22,33,44,55,66,77,88",767.441366641111,1286,-0.0024586616373822815,0.0024586616373822815,756.6828219809179,1327,0.011724418415984782,0.011724418415984782,False
766.0177528043965,766.0544216900157,0.10882380757764212,765.9645643050669,766.2859844153097,6,"22,33,44,66,77,88",767.441366641111,1286,-0.0018550131626931497,0.0018550131626931497,756.6828219809179,1327,0.012336649587261368,0.012336649587261368,False
766.6817366190592,766.7120799986826,0.15139873469558263,766.5436023073066,766.9672163819134,8,"11,22,33,44,55,66,77,88",767.441366641111,1286,-0.0009898215747432958,0.0009898215747432958,756.6828219809179,1327,0.013214142501563806,0.013214142501563806,False
767.349332512805,767.3362576034615,0.13184926038075476,767.0950580912779,767.5502590162565,8,"11,22,33,44,55,66,77,88",767.441366641111,1286,-0.0001199233352625714,0.0001199233352625714,756.6828219809179,1327,0.014096408986744594,0.014096408986744594,False
792.8130608178054,792.7780068166268,0.14956169435653824,792.4861248602543,792.9345224763514,6,"22,44,55,66,77,88",791.9808376350375,1336,0.0010508122712325884,0.0010508122712325884,793.4266304585085,1382,-0.0007733161670518978,0.0007733161670518978,False
793.711887728903,793.6110046463513,0.2088211496166385,793.2733462721569,793.8678110156281,5,"11,33,55,66,88",791.9808376350375,1336,0.002185722193777656,0.002185722193777656,793.4266304585385,1386,0.00035952570712128966,0.00035952570712128966,False
797.365275020449,797.4001055199448,0.16505850721513907,797.2131842541282,797.6580202295324,6,"11,22,33,44,55,77",801.3870919145654,1337,-0.005018569596008934,0.005018569596008934,797.3357568629124,1405,3.702098806244939e-05,3.702098806244939e-05,False
803.4951802402635,803.4176833164469,0.13506762662596725,803.2396227901257,803.5791900177315,5,"11,22,33,44,88",802.5459422820422,1381,0.0011827833251789911,0.0011827833251789911,799.4379564882358,1443,0.0050750952204598725,0.0050750952204598725,False
803.9040438885921,803.940072875807,0.12438096488945095,803.8054203848358,804.1599038656557,5,"44,55,66,77,88",802.5459422820422,1381,0.0016922415714770516,0.0016922415714770516,799.4379564882358,1443,0.0055865340944966846,0.0055865340944966846,False
804.6733965003161,804.7212726010048,0.15426705843151917,804.4599249756294,804.9907370282006,8,"11,22,33,44,55,66,77,88",806.1457314102053,1382,-0.0018263880245492903,0.0018263880245492903,799.4379564882358,1443,0.00654890097422755,0.00654890097422755,False
805.2617845896871,805.2589099945263,0.09977688261043062,805.0986861753026,805.4241815606249,6,"11,22,55,66,77,88",806.1457314102053,1382,-0.0010965099560496165,0.0010965099560496165,799.4379564882358,1443,0.007284903167512947,0.007284903167512947,False
805.8632219995669,805.8724118520607,0.105307510608881,805.7266230251387,806.0198554793342,6,"22,33,44,66,77,88",806.1457314102053,1382,-0.0003504445903895584,0.0003504445903895584,799.4379564882358,1443,0.008037228479313051,0.008037228479313051,False
806.6803085174104,806.7374251558879,0.1785510892497502,806.4949158584325,807.0360298518661,8,"11,22,33,44,55,66,77,88",806.6259698583099,1386,6.736537271424528e-05,6.736537271424528e-05,799.4379564882358,1443,0.009059304690746318,0.009059304690746318,False
807.6503596540163,807.5833386298852,0.1477213576416373,807.3584208584823,807.7317502438233,5,"11,22,33,55,77",806.6259698583099,1386,0.0012699687760937398,0.0012699687760937398,799.4379564882358,1443,0.01027272110253032,0.01027272110253032,False
808.4483953394799,808.4126799309638,0.17176708989071687,808.1353423918224,808.6456174197743,6,"11,22,33,44,66,88",809.9958312244743,1387,-0.0019104245050929178,0.0019104245050929178,799.4379564882358,1443,0.011270967031419258,0.011270967031419258,False
809.1234608467222,809.1530051046899,0.16680528855124438,808.9214752028793,809.4406961701058,6,"11,22,44,66,77,88",809.9958312244743,1387,-0.0010770060093189748,0.0010770060093189748,799.4379564882358,1443,0.012115392170060019,0.012115392170060019,False
809.6872024298173,809.7075437967654,0.15799731871890935,809.4999621734265,809.9935294141296,6,"11,33,44,55,66,77",809.9958312244743,1387,-0.0003810251642782599,0.0003810251642782599,799.4379564882358,1443,0.012820564570894557,0.012820564570894557,False
810.382454131664,810.3333245682107,0.11452475236765457,810.1419615664659,810.4264284430491,4,"22,44,55,88",810.3767427337963,1395,7.0478304305944555e-06,7.0478304305944555e-06,820.8108258385453,1444,-0.012704963651311033,0.012704963651311033,False
836.7897240660922,836.797663540232,0.07184973358715492,836.7031976286028,836.9192942764547,8,"11,22,33,44,55,66,77,88",837.0929207314648,1469,-0.0003622019227061443,0.0003622019227061443,833.4984571976604,1514,0.003948737805103403,0.003948737805103403,False
837.7039132342466,837.6506888680962,0.14078841888554305,837.3784203910835,837.8046276050285,8,"11,22,33,44,55,66,77,88",837.6964404676421,1485,8.920614011776508e-06,8.920614011776508e-06,833.4984571976604,1514,0.005045547475547218,0.005045547475547218,False
838.2847401350748,838.3144882904352,0.12827974140276166,838.1510869725311,838.5194216146122,8,"11,22,33,44,55,66,77,88",838.1712307053748,1499,0.00013542510830928529,0.00013542510830928529,833.4984571976604,1514,0.005742401675831001,0.005742401675831001,False
838.9796860581857,838.9710531353693,0.1263562387711374,838.8009104065666,839.1239300185392,4,"22,44,55,88",838.1712307053748,1499,0.0009645467694358481,0.0009645467694358481,833.4984571976604,1514,0.006576171573195229,0.006576171573195229,False
839.8056721326537,839.7628306732257,0.16856915976117498,839.5025561624186,839.9657505275309,7,"11,22,33,55,66,77,88",838.1712307053748,1499,0.0019500089807466387,0.0019500089807466387,833.4984571976604,1514,0.007567158499847844,0.007567158499847844,False
840.7247775616597,840.762513395876,0.1843097804794556,840.5263688280165,841.1180222273285,6,"22,33,44,55,66,88",838.1712307053748,1499,0.0030465694392015235,0.0030465694392015235,833.4984571976604,1514,0.008669866514564683,0.008669866514564683,False
842.25469756687,842.2864939502898,0.17085328882216994,842.0626144836774,842.5754500582536,7,"11,22,33,44,55,66,77",838.1712307053748,1499,0.004871876666607555,0.004871876666607555,833.4984571976604,1514,0.010505406811008826,0.010505406811008826,False
843.1647475152029,843.1060360745487,0.14271433201763634,842.8333090863745,843.2194141621542,5,"11,44,66,77,88",847.8296731765811,1500,-0.005502196737111177,0.005502196737111177,851.2143852979659,1515,-0.009456651487328068,0.009456651487328068,False
843.8803596461416,843.9576096296913,0.19254104001503686,843.7877142422822,844.2820049841998,4,"33,44,77,88",847.8296731765811,1500,-0.004658144973438433,0.004658144973438433,851.2143852979659,1515,-0.008615955954805693,0.008615955954805693,False
844.7352889464047,844.7371528829702,0.131723067932395,844.5580493466367,844.9199842924345,4,"22,55,66,77",847.8296731765811,1500,-0.0036497710897314952,0.0036497710897314952,851.2143852979659,1515,-0.007611591701769972,0.007611591701769972,False
845.4119468355511,845.4078825894303,0.07758574292829176,845.3017881948912,845.5058484917279,4,"11,33,44,66",847.8296731765811,1500,-0.002851665160493147,0.002851665160493147,851.2143852979659,1515,-0.006816659307729688,0.006816659307729688,False
850.1711995698793,850.2113245098232,0.15252202426703917,850.0119794251116,850.4397349159312,7,"11,22,33,44,55,66,88",848.7922982864169,1514,0.0016245449991077463,0.0016245449991077463,851.2143852979659,1515,-0.001225526431536387,0.001225526431536387,False
851.0783139098104,851.0680807183732,0.18295077415102085,850.8187918246618,851.2846505241625,5,"11,33,44,55,77",848.7922982864169,1514,0.002693256793220927,0.002693256793220927,851.2143852979659,1515,-0.00015985560219109422,0.00015985560219109422,False
851.6317730996219,851.7130212519842,0.15609726078739874,851.6071474236775,851.9813913850156,4,"44,55,66,77",848.7922982864169,1514,0.0033453117081027775,0.0033453117081027775,851.2143852980369,1561,0.0004903439236860523,0.0004903439236860523,False
852.5292807255182,852.5098663354536,0.16551082198913528,852.3153397609013,852.7729391420233,5,"11,22,55,66,88",848.7922982864169,1514,0.004402705404662279,0.004402705404662279,851.2143852980369,1561,0.0015447288605454834,0.0015447288605454834,False
855.7548824213982,855.6648157937216,0.2058580516808898,855.323027237772,855.9202575858332,5,"22,44,55,66,88",848.7922982864169,1514,0.008202930385958599,0.008202930385958599,851.2143852980369,1561,0.005334140495959251,0.005334140495959251,False
856.9180570182692,856.9144640015382,0.1838394760159528,856.6671780580756,857.1545639115387,4,"11,44,66,77",848.7922982864169,1514,0.009573318170130673,0.009573318170130673,860.399227426567,1562,-0.004045994344636811,0.004045994344636811,False
859.9135978581335,859.9123986413593,0.25084131306523977,859.5621213232441,860.2602775259262,4,"44,55,77,88",865.3389902935509,1515,-0.006269672921564444,0.006269672921564444,860.399227426567,1562,-0.000564423529163351,0.000564423529163351,False
861.3133765251512,861.3214475894163,0.15746919651674127,861.1125768051727,861.5464605021896,4,"11,22,77,88",865.3389902935509,1515,-0.004652065622322271,0.004652065622322271,860.3992274266107,1572,0.0010624708500432654,0.0010624708500432654,False
865.4954300432048,865.477990422309,0.1576130542044796,865.2530685817782,865.7515382215624,7,"11,22,33,55,66,77,88",865.4831220446243,1516,1.4220957367015341e-05,1.4220957367015341e-05,864.1920291115912,1611,0.0015082306798797356,0.0015082306798797356,False
866.2477011531545,866.1280780594204,0.18839093072963803,865.8711714849268,866.3351646770236,5,"11,22,44,55,66",866.2463839003964,1547,1.5206444524108878e-06,1.5206444524108878e-06,864.1920291115912,1611,0.00237872136320972,0.00237872136320972,False
871.8963520592185,871.9344273106349,0.13118339813491695,871.803940238815,872.1410648852876,4,"11,22,44,66",875.9708174732251,1562,-0.004651371178961801,0.004651371178961801,872.2946118841976,1612,-0.00045656572854300894,0.00045656572854300894,False
872.7156539258533,872.7149106385357,0.21884704709000508,872.4087148649737,873.0196198374625,4,"33,55,77,88",875.9708174732251,1562,-0.003716063917244943,0.003716063917244943,872.2946118842467,1632,0.0004826832997364305,0.0004826832997364305,False
873.2542304718665,873.2781012064574,0.0796874014803639,873.2005344751173,873.4325526375985,6,"11,22,33,55,66,77",875.9708174732251,1562,-0.0031012300263548414,0.0031012300263548414,872.2946118842467,1632,0.0011001083516347394,0.0011001083516347394,False
873.9976657546924,874.0755906629299,0.165645283976154,873.8639185644327,874.2742111280836,5,"11,22,66,77,88",875.9708174732251,1562,-0.002252531339142457,0.002252531339142457,872.2946118842467,1632,0.0019523838015770335,0.0019523838015770335,False
874.681689917031,874.6808774689804,0.12840327832230747,874.5294055428758,874.8307244989837,4,"11,33,44,55",875.9708174732251,1562,-0.0014716558251479722,0.0014716558251479722,872.2946118842467,1632,0.002736550243762215,0.002736550243762215,False
875.384601092039,875.3837642248185,0.09527629724530304,875.2448130851208,875.5309239878602,5,"11,22,55,77,88",875.9708174732251,1562,-0.0006692190761297927,0.0006692190761297927,872.2946118842467,1632,0.003542368788817367,0.003542368788817367,False
876.9948751865084,876.9215103206994,0.1909206594278894,876.653853697064,877.120861821191,8,"11,22,33,44,55,66,77,88",877.0490462419616,1572,-6.17651380904735e-05,6.17651380904735e-05,878.6840039335184,1633,-0.001922339247611756,0.001922339247611756,False
877.9855700764065,877.9474860291276,0.12250347157868023,877.6753323196692,878.090214679402,7,"22,33,44,55,66,77,88",877.0490462419616,1572,0.0010678123857015178,0.0010678123857015178,878.6840039335184,1633,-0.0007948635163327341,0.0007948635163327341,False
878.625208510648,878.6678158980012,0.15114943298871156,878.5147607112906,878.9060858594182,4,"11,33,44,66",879.3131783281016,1573,-0.0007823945261023467,0.0007823945261023467,878.6840039335184,1633,-6.691304565371124e-05,6.691304565371124e-05,False
879.3963169683021,879.4453547948134,0.12291137501796053,879.333762855043,879.7103222897713,6,"11,22,33,44,77,88",879.3131783281016,1573,9.454952143289421e-05,9.454952143289421e-05,878.684003933562,1639,0.000810658930345039,0.000810658930345039,False
880.2226676904515,880.1885743369077,0.10217750618142277,880.0235363104787,880.2854256562487,4,"11,22,66,88",880.2122689042322,1596,1.1813952823269966e-05,1.1813952823269966e-05,878.684003933562,1639,0.001751100224883382,0.001751100224883382,False
881.0822361251884,881.05641770765,0.08894118177654005,880.9108478407675,881.1503507394558,4,"33,44,55,88",880.7880661745527,1611,0.00033398494136432526,0.00033398494136432526,878.684003933562,1639,0.0027293454539860573,0.0027293454539860573,False
904.215450136638,904.2466157477264,0.192080416588243,904.0423116380543,904.5132510795751,4,"11,22,66,88",906.028618826463,1640,-0.002001226729651815,0.002001226729651815,913.0829656465353,1703,-0.009711620787513444,0.009711620787513444,False
905.0654482722433,905.06279794996,0.18358525900456363,904.8184018798096,905.301893375544,4,"11,33,55,77",906.028618826463,1640,-0.0010630685766496396,0.0010630685766496396,913.0829656465353,1703,-0.008780710708599114,0.008780710708599114,False
905.9023807390514,905.9562260686249,0.13309759248906683,905.8389808433085,906.1811619530886,4,"33,44,55,77",906.028618826463,1640,-0.0001393312361094109,0.0001393312361094109,913.0829656465353,1703,-0.007864110029037122,0.007864110029037122,False
906.6719464826945,906.6356383738994,0.13092464551611888,906.4048030814502,906.7914851135858,5,"11,22,33,44,66",906.6448607653812,1642,2.9874671423640572e-05,2.9874671423640572e-05,913.0829656465353,1703,-0.00702128876021831,0.00702128876021831,False
908.0422605014992,907.9470560658614,0.265920563870151,907.3592136872641,908.2705451012908,7,"11,22,33,44,55,77,88",906.6448607653812,1642,0.0015412867778661938,0.0015412867778661938,913.0829656465353,1703,-0.005520533549179597,0.005520533549179597,False
908.6456146035083,908.7106956679205,0.14782050081045464,908.5939926239012,908.9575608407645,4,"22,44,55,66",909.743319442727,1643,-0.0012066093982324164,0.0012066093982324164,913.0829656465353,1703,-0.004859745729551511,0.004859745729551511,False
909.7198939151983,909.7098326986777,0.10555806170086426,909.5324634409881,909.8600430511714,8,"11,22,33,44,55,66,77,88",909.743319442727,1643,-2.574960104469816e-05,2.574960104469816e-05,913.0829656465353,1703,-0.0036832049856013213,0.0036832049856013213,False
910.6128022072587,910.5494227065772,0.16219612540764655,910.1903420088441,910.688973583327,8,"11,22,33,44,55,66,77,88",910.623634562277,1667,-1.1895534672175074e-05,1.1895534672175074e-05,913.0829656465353,1703,-0.002705300101100346,0.002705300101100346,False
932.5141042824749,932.5351752173601,0.08112159794269429,932.3815723140331,932.6506639087775,8,"11,22,33,44,55,66,77,88",932.5166628825783,1733,-2.7437580530467745e-06,2.7437580530467745e-06,931.7845807663452,1809,0.0007829315178511462,0.0007829315178511462,False
933.3379860855266,933.3109401337306,0.14010587420285128,933.0330250332759,933.4881704736958,8,"11,22,33,44,55,66,77,88",933.3500766474551,1759,-1.295394111065532e-05,1.295394111065532e-05,931.7845807663452,1809,0.0016671292391464226,0.0016671292391464226,False
934.1323223736703,934.0782599146206,0.13161750180717427,933.876855721147,934.225366662454,6,"11,22,33,44,66,88",933.7383160722255,1768,0.0004219665131684031,0.0004219665131684031,931.7845807663452,1809,0.0025196184351903763,0.0025196184351903763,False
949.2471673425621,949.2903225207658,0.1042820139521811,949.1854697432589,949.4380023124211,5,"11,55,66,77,88",950.3995207058036,1769,-0.0012124936283488198,0.0012124936283488198,949.9213481193924,1823,-0.0007097227345874857,0.0007097227345874857,False
950.677761805445,950.6507870165681,0.19843415424955538,950.4008292648798,951.0678705536975,8,"11,22,33,44,55,66,77,88",950.6777653063737,1772,-3.6825607685996937e-09,3.6825607685996937e-09,949.9213481194361,1845,0.0007962908587183882,0.0007962908587183882,False
951.7305810540072,951.735993889329,0.1199576017414436,951.5593176899647,951.8993321115995,7,"22,33,44,55,66,77,88",951.7080329541974,1800,2.3692244920750405e-05,2.3692244920750405e-05,949.9213481194361,1845,0.001904613406312928,0.001904613406312928,False
952.7723420074428,952.7560480577419,0.21931294331229995,952.4050958306279,953.1491706802258,7,"11,22,33,44,66,77,88",952.1505293295555,1809,0.000653061316181956,0.000653061316181956,949.9213481194361,1845,0.003001294679449931,0.003001294679449931,False
953.4048293080155,953.4364229987575,0.09939445479708267,953.299015851609,953.5761902448462,5,"11,44,55,66,77",952.1505293295555,1809,0.0013173336986359973,0.0013173336986359973,949.9213481194361,1845,0.0036671259104510646,0.0036671259104510646,False
954.8681985901151,954.9310517302417,0.14915471688038798,954.806829860461,955.180979880276,4,"22,33,55,66",952.1505293295555,1809,0.0028542432912085423,0.0028542432912085423,949.9213481194361,1845,0.005207642170030512,0.005207642170030512,False
956.6073458065716,956.5811761957345,0.2390988427377742,956.2837534474932,956.8262597223022,4,"11,22,55,88",952.1505293295555,1809,0.004680789790826787,0.004680789790826787,949.9213481194361,1845,0.007038475027824009,0.007038475027824009,False
962.9629516627833,963.0125352412666,0.32061353787629965,962.5048736932224,963.3866205534314,5,"11,22,33,44,55",964.3221533831419,1810,-0.0014094892620583831,0.0014094892620583831,964.8707122997739,1846,-0.0019772189296153797,0.0019772189296153797,False
964.5630158498639,964.5529139999329,0.1629543267251724,964.2654015993767,964.726883537867,5,"22,33,66,77,88",964.6108864410702,1812,-4.962684112238433e-05,4.962684112238433e-05,964.8707122997739,1846,-0.0003188991498940393,0.0003188991498940393,False
970.2174555121094,970.2456326967801,0.19284366133815095,969.9804320691169,970.463900219763,5,"33,44,66,77,88",970.1797979174797,1824,3.8815067795147826e-05,3.8815067795147826e-05,968.493077168855,1918,0.0017804756522319335,0.0017804756522319335,False
971.4481836682609,971.4895231647986,0.09953239105551376,971.4043163587571,971.6574089639155,4,"22,33,55,77",971.4911340773324,1844,-4.421080910050155e-05,4.421080910050155e-05,968.493077168855,1918,0.0030512417373641148,0.0030512417373641148,False
986.8609336293359,986.8449022880981,0.21730423465767867,986.4920935499126,987.1212182451115,5,"11,22,33,66,88",986.8509587530311,1871,1.0107783973174263e-05,1.0107783973174263e-05,986.9604401089355,1975,-0.00010082114293107574,0.00010082114293107574,False
987.7905872982478,987.7882711748347,0.19320925035365275,987.4702984873434,988.1051426522204,7,"11,22,33,44,66,77,88",988.223808086867,1881,-0.00043838327418756396,0.00043838327418756396,986.9604401089355,1975,0.0008411149581848781,0.0008411149581848781,False
988.5103891118212,988.501360321477,0.12272092049234558,988.2654213896444,988.6782954585692,8,"11,22,33,44,55,66,77,88",988.3971176921339,1883,0.00011460112303016219,0.00011460112303016219,986.9604401089355,1975,0.0015704266755763863,0.0015704266755763863,False
989.2095151972633,989.2900678192398,0.20692389055911853,989.0772019282069,989.6914576253628,7,"11,22,33,44,55,66,88",989.1400781398155,1887,7.019941763795022e-05,7.019941763795022e-05,986.9604401089355,1975,0.0022787895004986814,0.0022787895004986814,False
990.1193696958828,990.1179573555786,0.20041192271817204,989.8364867829362,990.3466722681317,5,"22,44,66,77,88",990.1577882310278,1895,-3.8800417066448395e-05,3.8800417066448395e-05,986.9604401089355,1975,0.0032006648479230696,0.0032006648479230696,False
990.8857140590601,990.8660609607191,0.1273767196864971,990.6941672598766,990.9986484648798,4,"11,44,66,77",990.8521482268516,1911,3.3875722294784744e-05,3.3875722294784744e-05,986.9604401089355,1975,0.003977134027470614,0.003977134027470614,False
991.5148380995912,991.5537204360448,0.13768469243341638,991.4137047602535,991.7715007847435,4,"44,55,77,88",991.3514236447812,1918,0.00016484008688783148,0.00016484008688783148,995.4143869290554,1976,-0.003917513028412837,0.003917513028412837,False
992.2561703068013,992.3021399891462,0.24599085163314116,992.0158120657427,992.7504250411207,5,"11,33,55,77,88",991.3514236447812,1918,0.0009126396961167717,0.0009126396961167717,995.4143869290554,1976,-0.0031727656981103305,0.0031727656981103305,False
993.9708444151634,993.9532582411903,0.16019638456869068,993.6661368333532,994.1365375831306,5,"11,22,33,55,88",991.3514236447812,1918,0.0026422726672965567,0.0026422726672965567,995.4143869290554,1976,-0.0014501925357392705,0.0014501925357392705,False
997.1288644652401,997.0852472029326,0.20421473444198843,996.7602854822971,997.3229743989532,4,"11,55,77,88",1001.1178004831568,1919,-0.003984482161831047,0.003984482161831047,995.4143869291045,1994,0.0017223756845878711,0.0017223756845878711,False
999.3850179371614,999.3651565312634,0.24607116269602147,999.0394220399955,999.6511682107357,4,"22,44,66,77",1001.1178004831568,1919,-0.0017308478034843999,0.0017308478034843999,1001.6976949413754,1995,-0.0023087574383900203,0.0023087574383900203,False
1001.5040574460846,1001.4305367649999,0.2687351573681206,1001.0102928035883,1001.7037393642422,4,"11,33,55,88",1001.4724390116456,1924,3.157194667304172e-05,3.157194667304172e-05,1001.6976949413754,1995,-0.0001933093150445009,0.0001933093150445009,False
